Command line invocation:
    /Applications/Xcode.app/Contents/Developer/usr/bin/xcodebuild -scheme PicStripScreenshots -project ./PicStrip.xcodeproj -disableAutomaticPackageResolution -sdk iphonesimulator -derivedDataPath /var/folders/71/c1wqy1_x26s5tgyqvfv1mhcr0000gn/T/snapshot_derived20260506-11270-ygdy2 CODE_SIGN_IDENTITY= CODE_SIGNING_REQUIRED=NO CODE_SIGNING_ALLOWED=NO -destination "platform=iOS Simulator,id=DBDD4316-F611-48D4-A75E-CD562AF940A8" FASTLANE_SNAPSHOT=YES FASTLANE_LANGUAGE=en-US build test

Build settings from command line:
    CODE_SIGN_IDENTITY = 
    CODE_SIGNING_ALLOWED = NO
    CODE_SIGNING_REQUIRED = NO
    FASTLANE_LANGUAGE = en-US
    FASTLANE_SNAPSHOT = YES
    SDKROOT = iphonesimulator26.4

note: Using codesigning identity override: 
ComputePackagePrebuildTargetDependencyGraph

Prepare packages

CreateBuildRequest

SendProjectDescription

CreateBuildOperation

ComputeTargetDependencyGraph
note: Building targets in dependency order
note: Target dependency graph (2 targets)
    Target 'PicStrip' in project 'PicStrip'
        ➜ Explicit dependency on target 'PicStripShareExtension' in project 'PicStrip'
    Target 'PicStripShareExtension' in project 'PicStrip' (no dependencies)

GatherProvisioningInputs

CreateBuildDescription

ExecuteExternalTool /Applications/Xcode.app/Contents/Developer/usr/bin/xcstringstool compile --dry-run --output-directory /var/folders/71/c1wqy1_x26s5tgyqvfv1mhcr0000gn/T/snapshot_derived20260506-11270-ygdy2/Build/Intermediates.noindex/PicStrip.build/Debug-iphonesimulator/PicStrip.build /Users/eddie/Development/PicStrip/PicStrip/AppShortcuts.xcstrings

ExecuteExternalTool /Applications/Xcode.app/Contents/Developer/Toolchains/XcodeDefault.xctoolchain/usr/bin/clang -v -E -dM -isysroot /Applications/Xcode.app/Contents/Developer/Platforms/iPhoneSimulator.platform/Developer/SDKs/iPhoneSimulator26.4.sdk -x c -c /dev/null

ExecuteExternalTool /Applications/Xcode.app/Contents/Developer/Toolchains/XcodeDefault.xctoolchain/usr/bin/swiftc --version

ExecuteExternalTool /Applications/Xcode.app/Contents/Developer/usr/bin/actool --print-asset-tag-combinations --output-format xml1 /Users/eddie/Development/PicStrip/PicStrip/Assets.xcassets /Users/eddie/Development/PicStrip/PicStrip/PicStrip.icon

ExecuteExternalTool /Applications/Xcode.app/Contents/Developer/Toolchains/XcodeDefault.xctoolchain/usr/bin/ld -version_details

ExecuteExternalTool /Applications/Xcode.app/Contents/Developer/usr/bin/actool --version --output-format xml1

ExecuteExternalTool /Applications/Xcode.app/Contents/Developer/usr/bin/xcstringstool compile --dry-run --output-directory /var/folders/71/c1wqy1_x26s5tgyqvfv1mhcr0000gn/T/snapshot_derived20260506-11270-ygdy2/Build/Intermediates.noindex/PicStrip.build/Debug-iphonesimulator/PicStrip.build /Users/eddie/Development/PicStrip/PicStrip/Localizable.xcstrings

Build description signature: 32e271f09e051e7b10b37e3f77e3e8cd
Build description path: /var/folders/71/c1wqy1_x26s5tgyqvfv1mhcr0000gn/T/snapshot_derived20260506-11270-ygdy2/Build/Intermediates.noindex/XCBuildData/32e271f09e051e7b10b37e3f77e3e8cd.xcbuilddata
CreateBuildDirectory /var/folders/71/c1wqy1_x26s5tgyqvfv1mhcr0000gn/T/snapshot_derived20260506-11270-ygdy2/Build/Products
    cd /Users/eddie/Development/PicStrip/PicStrip.xcodeproj
    builtin-create-build-directory /var/folders/71/c1wqy1_x26s5tgyqvfv1mhcr0000gn/T/snapshot_derived20260506-11270-ygdy2/Build/Products

CreateBuildDirectory /var/folders/71/c1wqy1_x26s5tgyqvfv1mhcr0000gn/T/snapshot_derived20260506-11270-ygdy2/Build/Intermediates.noindex
    cd /Users/eddie/Development/PicStrip/PicStrip.xcodeproj
    builtin-create-build-directory /var/folders/71/c1wqy1_x26s5tgyqvfv1mhcr0000gn/T/snapshot_derived20260506-11270-ygdy2/Build/Intermediates.noindex

ClangStatCache /Applications/Xcode.app/Contents/Developer/Toolchains/XcodeDefault.xctoolchain/usr/bin/clang-stat-cache /Applications/Xcode.app/Contents/Developer/Platforms/iPhoneSimulator.platform/Developer/SDKs/iPhoneSimulator26.4.sdk /var/folders/71/c1wqy1_x26s5tgyqvfv1mhcr0000gn/T/snapshot_derived20260506-11270-ygdy2/SDKStatCaches.noindex/iphonesimulator26.4-23E252-686eebb5dc1d8ecb277353a59184f4aa.sdkstatcache
    cd /Users/eddie/Development/PicStrip/PicStrip.xcodeproj
    /Applications/Xcode.app/Contents/Developer/Toolchains/XcodeDefault.xctoolchain/usr/bin/clang-stat-cache /Applications/Xcode.app/Contents/Developer/Platforms/iPhoneSimulator.platform/Developer/SDKs/iPhoneSimulator26.4.sdk -o /var/folders/71/c1wqy1_x26s5tgyqvfv1mhcr0000gn/T/snapshot_derived20260506-11270-ygdy2/SDKStatCaches.noindex/iphonesimulator26.4-23E252-686eebb5dc1d8ecb277353a59184f4aa.sdkstatcache

CreateBuildDirectory /var/folders/71/c1wqy1_x26s5tgyqvfv1mhcr0000gn/T/snapshot_derived20260506-11270-ygdy2/Build/Products/Debug-iphonesimulator
    cd /Users/eddie/Development/PicStrip/PicStrip.xcodeproj
    builtin-create-build-directory /var/folders/71/c1wqy1_x26s5tgyqvfv1mhcr0000gn/T/snapshot_derived20260506-11270-ygdy2/Build/Products/Debug-iphonesimulator

CreateBuildDirectory /var/folders/71/c1wqy1_x26s5tgyqvfv1mhcr0000gn/T/snapshot_derived20260506-11270-ygdy2/Build/Intermediates.noindex/SwiftExplicitPrecompiledModules
    cd /Users/eddie/Development/PicStrip/PicStrip.xcodeproj
    builtin-create-build-directory /var/folders/71/c1wqy1_x26s5tgyqvfv1mhcr0000gn/T/snapshot_derived20260506-11270-ygdy2/Build/Intermediates.noindex/SwiftExplicitPrecompiledModules

CreateBuildDirectory /var/folders/71/c1wqy1_x26s5tgyqvfv1mhcr0000gn/T/snapshot_derived20260506-11270-ygdy2/Build/Intermediates.noindex/ExplicitPrecompiledModules
    cd /Users/eddie/Development/PicStrip/PicStrip.xcodeproj
    builtin-create-build-directory /var/folders/71/c1wqy1_x26s5tgyqvfv1mhcr0000gn/T/snapshot_derived20260506-11270-ygdy2/Build/Intermediates.noindex/ExplicitPrecompiledModules

WriteAuxiliaryFile /var/folders/71/c1wqy1_x26s5tgyqvfv1mhcr0000gn/T/snapshot_derived20260506-11270-ygdy2/Build/Intermediates.noindex/PicStrip.build/Debug-iphonesimulator/PicStrip-59e8937c844bafa673371b948611566f-VFS-iphonesimulator/all-product-headers.yaml
    cd /Users/eddie/Development/PicStrip/PicStrip.xcodeproj
    write-file /var/folders/71/c1wqy1_x26s5tgyqvfv1mhcr0000gn/T/snapshot_derived20260506-11270-ygdy2/Build/Intermediates.noindex/PicStrip.build/Debug-iphonesimulator/PicStrip-59e8937c844bafa673371b948611566f-VFS-iphonesimulator/all-product-headers.yaml

CreateBuildDirectory /var/folders/71/c1wqy1_x26s5tgyqvfv1mhcr0000gn/T/snapshot_derived20260506-11270-ygdy2/Build/Intermediates.noindex/EagerLinkingTBDs/Debug-iphonesimulator
    cd /Users/eddie/Development/PicStrip/PicStrip.xcodeproj
    builtin-create-build-directory /var/folders/71/c1wqy1_x26s5tgyqvfv1mhcr0000gn/T/snapshot_derived20260506-11270-ygdy2/Build/Intermediates.noindex/EagerLinkingTBDs/Debug-iphonesimulator

WriteAuxiliaryFile /var/folders/71/c1wqy1_x26s5tgyqvfv1mhcr0000gn/T/snapshot_derived20260506-11270-ygdy2/Build/Intermediates.noindex/PicStrip.build/Debug-iphonesimulator/PicStripShareExtension.build/PicStripShareExtension.hmap (in target 'PicStripShareExtension' from project 'PicStrip')
    cd /Users/eddie/Development/PicStrip
    write-file /var/folders/71/c1wqy1_x26s5tgyqvfv1mhcr0000gn/T/snapshot_derived20260506-11270-ygdy2/Build/Intermediates.noindex/PicStrip.build/Debug-iphonesimulator/PicStripShareExtension.build/PicStripShareExtension.hmap

WriteAuxiliaryFile /var/folders/71/c1wqy1_x26s5tgyqvfv1mhcr0000gn/T/snapshot_derived20260506-11270-ygdy2/Build/Intermediates.noindex/PicStrip.build/Debug-iphonesimulator/PicStripShareExtension.build/PicStripShareExtension.DependencyStaticMetadataFileList (in target 'PicStripShareExtension' from project 'PicStrip')
    cd /Users/eddie/Development/PicStrip
    write-file /var/folders/71/c1wqy1_x26s5tgyqvfv1mhcr0000gn/T/snapshot_derived20260506-11270-ygdy2/Build/Intermediates.noindex/PicStrip.build/Debug-iphonesimulator/PicStripShareExtension.build/PicStripShareExtension.DependencyStaticMetadataFileList

WriteAuxiliaryFile /var/folders/71/c1wqy1_x26s5tgyqvfv1mhcr0000gn/T/snapshot_derived20260506-11270-ygdy2/Build/Intermediates.noindex/PicStrip.build/Debug-iphonesimulator/PicStripShareExtension.build/PicStripShareExtension.DependencyMetadataFileList (in target 'PicStripShareExtension' from project 'PicStrip')
    cd /Users/eddie/Development/PicStrip
    write-file /var/folders/71/c1wqy1_x26s5tgyqvfv1mhcr0000gn/T/snapshot_derived20260506-11270-ygdy2/Build/Intermediates.noindex/PicStrip.build/Debug-iphonesimulator/PicStripShareExtension.build/PicStripShareExtension.DependencyMetadataFileList

WriteAuxiliaryFile /var/folders/71/c1wqy1_x26s5tgyqvfv1mhcr0000gn/T/snapshot_derived20260506-11270-ygdy2/Build/Intermediates.noindex/PicStrip.build/Debug-iphonesimulator/PicStripShareExtension.build/PicStripShareExtension-project-headers.hmap (in target 'PicStripShareExtension' from project 'PicStrip')
    cd /Users/eddie/Development/PicStrip
    write-file /var/folders/71/c1wqy1_x26s5tgyqvfv1mhcr0000gn/T/snapshot_derived20260506-11270-ygdy2/Build/Intermediates.noindex/PicStrip.build/Debug-iphonesimulator/PicStripShareExtension.build/PicStripShareExtension-project-headers.hmap

WriteAuxiliaryFile /var/folders/71/c1wqy1_x26s5tgyqvfv1mhcr0000gn/T/snapshot_derived20260506-11270-ygdy2/Build/Intermediates.noindex/PicStrip.build/Debug-iphonesimulator/PicStripShareExtension.build/PicStripShareExtension-own-target-headers.hmap (in target 'PicStripShareExtension' from project 'PicStrip')
    cd /Users/eddie/Development/PicStrip
    write-file /var/folders/71/c1wqy1_x26s5tgyqvfv1mhcr0000gn/T/snapshot_derived20260506-11270-ygdy2/Build/Intermediates.noindex/PicStrip.build/Debug-iphonesimulator/PicStripShareExtension.build/PicStripShareExtension-own-target-headers.hmap

WriteAuxiliaryFile /var/folders/71/c1wqy1_x26s5tgyqvfv1mhcr0000gn/T/snapshot_derived20260506-11270-ygdy2/Build/Intermediates.noindex/PicStrip.build/Debug-iphonesimulator/PicStripShareExtension.build/PicStripShareExtension-generated-files.hmap (in target 'PicStripShareExtension' from project 'PicStrip')
    cd /Users/eddie/Development/PicStrip
    write-file /var/folders/71/c1wqy1_x26s5tgyqvfv1mhcr0000gn/T/snapshot_derived20260506-11270-ygdy2/Build/Intermediates.noindex/PicStrip.build/Debug-iphonesimulator/PicStripShareExtension.build/PicStripShareExtension-generated-files.hmap

WriteAuxiliaryFile /var/folders/71/c1wqy1_x26s5tgyqvfv1mhcr0000gn/T/snapshot_derived20260506-11270-ygdy2/Build/Intermediates.noindex/PicStrip.build/Debug-iphonesimulator/PicStripShareExtension.build/PicStripShareExtension-all-target-headers.hmap (in target 'PicStripShareExtension' from project 'PicStrip')
    cd /Users/eddie/Development/PicStrip
    write-file /var/folders/71/c1wqy1_x26s5tgyqvfv1mhcr0000gn/T/snapshot_derived20260506-11270-ygdy2/Build/Intermediates.noindex/PicStrip.build/Debug-iphonesimulator/PicStripShareExtension.build/PicStripShareExtension-all-target-headers.hmap

WriteAuxiliaryFile /var/folders/71/c1wqy1_x26s5tgyqvfv1mhcr0000gn/T/snapshot_derived20260506-11270-ygdy2/Build/Intermediates.noindex/PicStrip.build/Debug-iphonesimulator/PicStripShareExtension.build/PicStripShareExtension-all-non-framework-target-headers.hmap (in target 'PicStripShareExtension' from project 'PicStrip')
    cd /Users/eddie/Development/PicStrip
    write-file /var/folders/71/c1wqy1_x26s5tgyqvfv1mhcr0000gn/T/snapshot_derived20260506-11270-ygdy2/Build/Intermediates.noindex/PicStrip.build/Debug-iphonesimulator/PicStripShareExtension.build/PicStripShareExtension-all-non-framework-target-headers.hmap

WriteAuxiliaryFile /var/folders/71/c1wqy1_x26s5tgyqvfv1mhcr0000gn/T/snapshot_derived20260506-11270-ygdy2/Build/Intermediates.noindex/PicStrip.build/Debug-iphonesimulator/PicStripShareExtension.build/PicStripShareExtension-DebugEntryPoint-normal-arm64.txt (in target 'PicStripShareExtension' from project 'PicStrip')
    cd /Users/eddie/Development/PicStrip
    write-file /var/folders/71/c1wqy1_x26s5tgyqvfv1mhcr0000gn/T/snapshot_derived20260506-11270-ygdy2/Build/Intermediates.noindex/PicStrip.build/Debug-iphonesimulator/PicStripShareExtension.build/PicStripShareExtension-DebugEntryPoint-normal-arm64.txt

WriteAuxiliaryFile /var/folders/71/c1wqy1_x26s5tgyqvfv1mhcr0000gn/T/snapshot_derived20260506-11270-ygdy2/Build/Intermediates.noindex/PicStrip.build/Debug-iphonesimulator/PicStripShareExtension.build/PicStripShareExtension-DebugDylibPath-normal-arm64.txt (in target 'PicStripShareExtension' from project 'PicStrip')
    cd /Users/eddie/Development/PicStrip
    write-file /var/folders/71/c1wqy1_x26s5tgyqvfv1mhcr0000gn/T/snapshot_derived20260506-11270-ygdy2/Build/Intermediates.noindex/PicStrip.build/Debug-iphonesimulator/PicStripShareExtension.build/PicStripShareExtension-DebugDylibPath-normal-arm64.txt

WriteAuxiliaryFile /var/folders/71/c1wqy1_x26s5tgyqvfv1mhcr0000gn/T/snapshot_derived20260506-11270-ygdy2/Build/Intermediates.noindex/PicStrip.build/Debug-iphonesimulator/PicStripShareExtension.build/PicStripShareExtension-DebugDylibInstallName-normal-arm64.txt (in target 'PicStripShareExtension' from project 'PicStrip')
    cd /Users/eddie/Development/PicStrip
    write-file /var/folders/71/c1wqy1_x26s5tgyqvfv1mhcr0000gn/T/snapshot_derived20260506-11270-ygdy2/Build/Intermediates.noindex/PicStrip.build/Debug-iphonesimulator/PicStripShareExtension.build/PicStripShareExtension-DebugDylibInstallName-normal-arm64.txt

WriteAuxiliaryFile /var/folders/71/c1wqy1_x26s5tgyqvfv1mhcr0000gn/T/snapshot_derived20260506-11270-ygdy2/Build/Intermediates.noindex/PicStrip.build/Debug-iphonesimulator/PicStripShareExtension.build/Objects-normal/arm64/PicStripShareExtension_const_extract_protocols.json (in target 'PicStripShareExtension' from project 'PicStrip')
    cd /Users/eddie/Development/PicStrip
    write-file /var/folders/71/c1wqy1_x26s5tgyqvfv1mhcr0000gn/T/snapshot_derived20260506-11270-ygdy2/Build/Intermediates.noindex/PicStrip.build/Debug-iphonesimulator/PicStripShareExtension.build/Objects-normal/arm64/PicStripShareExtension_const_extract_protocols.json

WriteAuxiliaryFile /var/folders/71/c1wqy1_x26s5tgyqvfv1mhcr0000gn/T/snapshot_derived20260506-11270-ygdy2/Build/Intermediates.noindex/PicStrip.build/Debug-iphonesimulator/PicStripShareExtension.build/Objects-normal/arm64/PicStripShareExtension.SwiftFileList (in target 'PicStripShareExtension' from project 'PicStrip')
    cd /Users/eddie/Development/PicStrip
    write-file /var/folders/71/c1wqy1_x26s5tgyqvfv1mhcr0000gn/T/snapshot_derived20260506-11270-ygdy2/Build/Intermediates.noindex/PicStrip.build/Debug-iphonesimulator/PicStripShareExtension.build/Objects-normal/arm64/PicStripShareExtension.SwiftFileList

WriteAuxiliaryFile /var/folders/71/c1wqy1_x26s5tgyqvfv1mhcr0000gn/T/snapshot_derived20260506-11270-ygdy2/Build/Intermediates.noindex/PicStrip.build/Debug-iphonesimulator/PicStripShareExtension.build/Objects-normal/arm64/PicStripShareExtension.SwiftConstValuesFileList (in target 'PicStripShareExtension' from project 'PicStrip')
    cd /Users/eddie/Development/PicStrip
    write-file /var/folders/71/c1wqy1_x26s5tgyqvfv1mhcr0000gn/T/snapshot_derived20260506-11270-ygdy2/Build/Intermediates.noindex/PicStrip.build/Debug-iphonesimulator/PicStripShareExtension.build/Objects-normal/arm64/PicStripShareExtension.SwiftConstValuesFileList

WriteAuxiliaryFile /var/folders/71/c1wqy1_x26s5tgyqvfv1mhcr0000gn/T/snapshot_derived20260506-11270-ygdy2/Build/Intermediates.noindex/PicStrip.build/Debug-iphonesimulator/PicStripShareExtension.build/Objects-normal/arm64/PicStripShareExtension.LinkFileList (in target 'PicStripShareExtension' from project 'PicStrip')
    cd /Users/eddie/Development/PicStrip
    write-file /var/folders/71/c1wqy1_x26s5tgyqvfv1mhcr0000gn/T/snapshot_derived20260506-11270-ygdy2/Build/Intermediates.noindex/PicStrip.build/Debug-iphonesimulator/PicStripShareExtension.build/Objects-normal/arm64/PicStripShareExtension.LinkFileList

WriteAuxiliaryFile /var/folders/71/c1wqy1_x26s5tgyqvfv1mhcr0000gn/T/snapshot_derived20260506-11270-ygdy2/Build/Intermediates.noindex/PicStrip.build/Debug-iphonesimulator/PicStripShareExtension.build/Objects-normal/arm64/PicStripShareExtension-OutputFileMap.json (in target 'PicStripShareExtension' from project 'PicStrip')
    cd /Users/eddie/Development/PicStrip
    write-file /var/folders/71/c1wqy1_x26s5tgyqvfv1mhcr0000gn/T/snapshot_derived20260506-11270-ygdy2/Build/Intermediates.noindex/PicStrip.build/Debug-iphonesimulator/PicStripShareExtension.build/Objects-normal/arm64/PicStripShareExtension-OutputFileMap.json

WriteAuxiliaryFile /var/folders/71/c1wqy1_x26s5tgyqvfv1mhcr0000gn/T/snapshot_derived20260506-11270-ygdy2/Build/Intermediates.noindex/PicStrip.build/Debug-iphonesimulator/PicStrip.build/empty-PicStrip.plist (in target 'PicStrip' from project 'PicStrip')
    cd /Users/eddie/Development/PicStrip
    write-file /var/folders/71/c1wqy1_x26s5tgyqvfv1mhcr0000gn/T/snapshot_derived20260506-11270-ygdy2/Build/Intermediates.noindex/PicStrip.build/Debug-iphonesimulator/PicStrip.build/empty-PicStrip.plist

WriteAuxiliaryFile /var/folders/71/c1wqy1_x26s5tgyqvfv1mhcr0000gn/T/snapshot_derived20260506-11270-ygdy2/Build/Intermediates.noindex/PicStrip.build/Debug-iphonesimulator/PicStrip.build/PicStrip.hmap (in target 'PicStrip' from project 'PicStrip')
    cd /Users/eddie/Development/PicStrip
    write-file /var/folders/71/c1wqy1_x26s5tgyqvfv1mhcr0000gn/T/snapshot_derived20260506-11270-ygdy2/Build/Intermediates.noindex/PicStrip.build/Debug-iphonesimulator/PicStrip.build/PicStrip.hmap

WriteAuxiliaryFile /var/folders/71/c1wqy1_x26s5tgyqvfv1mhcr0000gn/T/snapshot_derived20260506-11270-ygdy2/Build/Intermediates.noindex/PicStrip.build/Debug-iphonesimulator/PicStrip.build/PicStrip.DependencyStaticMetadataFileList (in target 'PicStrip' from project 'PicStrip')
    cd /Users/eddie/Development/PicStrip
    write-file /var/folders/71/c1wqy1_x26s5tgyqvfv1mhcr0000gn/T/snapshot_derived20260506-11270-ygdy2/Build/Intermediates.noindex/PicStrip.build/Debug-iphonesimulator/PicStrip.build/PicStrip.DependencyStaticMetadataFileList

WriteAuxiliaryFile /var/folders/71/c1wqy1_x26s5tgyqvfv1mhcr0000gn/T/snapshot_derived20260506-11270-ygdy2/Build/Intermediates.noindex/PicStrip.build/Debug-iphonesimulator/PicStrip.build/PicStrip.DependencyMetadataFileList (in target 'PicStrip' from project 'PicStrip')
    cd /Users/eddie/Development/PicStrip
    write-file /var/folders/71/c1wqy1_x26s5tgyqvfv1mhcr0000gn/T/snapshot_derived20260506-11270-ygdy2/Build/Intermediates.noindex/PicStrip.build/Debug-iphonesimulator/PicStrip.build/PicStrip.DependencyMetadataFileList

WriteAuxiliaryFile /var/folders/71/c1wqy1_x26s5tgyqvfv1mhcr0000gn/T/snapshot_derived20260506-11270-ygdy2/Build/Intermediates.noindex/PicStrip.build/Debug-iphonesimulator/PicStrip.build/PicStrip-project-headers.hmap (in target 'PicStrip' from project 'PicStrip')
    cd /Users/eddie/Development/PicStrip
    write-file /var/folders/71/c1wqy1_x26s5tgyqvfv1mhcr0000gn/T/snapshot_derived20260506-11270-ygdy2/Build/Intermediates.noindex/PicStrip.build/Debug-iphonesimulator/PicStrip.build/PicStrip-project-headers.hmap

WriteAuxiliaryFile /var/folders/71/c1wqy1_x26s5tgyqvfv1mhcr0000gn/T/snapshot_derived20260506-11270-ygdy2/Build/Intermediates.noindex/PicStrip.build/Debug-iphonesimulator/PicStrip.build/PicStrip-own-target-headers.hmap (in target 'PicStrip' from project 'PicStrip')
    cd /Users/eddie/Development/PicStrip
    write-file /var/folders/71/c1wqy1_x26s5tgyqvfv1mhcr0000gn/T/snapshot_derived20260506-11270-ygdy2/Build/Intermediates.noindex/PicStrip.build/Debug-iphonesimulator/PicStrip.build/PicStrip-own-target-headers.hmap

WriteAuxiliaryFile /var/folders/71/c1wqy1_x26s5tgyqvfv1mhcr0000gn/T/snapshot_derived20260506-11270-ygdy2/Build/Intermediates.noindex/PicStrip.build/Debug-iphonesimulator/PicStrip.build/PicStrip-generated-files.hmap (in target 'PicStrip' from project 'PicStrip')
    cd /Users/eddie/Development/PicStrip
    write-file /var/folders/71/c1wqy1_x26s5tgyqvfv1mhcr0000gn/T/snapshot_derived20260506-11270-ygdy2/Build/Intermediates.noindex/PicStrip.build/Debug-iphonesimulator/PicStrip.build/PicStrip-generated-files.hmap

WriteAuxiliaryFile /var/folders/71/c1wqy1_x26s5tgyqvfv1mhcr0000gn/T/snapshot_derived20260506-11270-ygdy2/Build/Intermediates.noindex/PicStrip.build/Debug-iphonesimulator/PicStrip.build/PicStrip-all-target-headers.hmap (in target 'PicStrip' from project 'PicStrip')
    cd /Users/eddie/Development/PicStrip
    write-file /var/folders/71/c1wqy1_x26s5tgyqvfv1mhcr0000gn/T/snapshot_derived20260506-11270-ygdy2/Build/Intermediates.noindex/PicStrip.build/Debug-iphonesimulator/PicStrip.build/PicStrip-all-target-headers.hmap

WriteAuxiliaryFile /var/folders/71/c1wqy1_x26s5tgyqvfv1mhcr0000gn/T/snapshot_derived20260506-11270-ygdy2/Build/Intermediates.noindex/PicStrip.build/Debug-iphonesimulator/PicStrip.build/PicStrip-all-non-framework-target-headers.hmap (in target 'PicStrip' from project 'PicStrip')
    cd /Users/eddie/Development/PicStrip
    write-file /var/folders/71/c1wqy1_x26s5tgyqvfv1mhcr0000gn/T/snapshot_derived20260506-11270-ygdy2/Build/Intermediates.noindex/PicStrip.build/Debug-iphonesimulator/PicStrip.build/PicStrip-all-non-framework-target-headers.hmap

WriteAuxiliaryFile /var/folders/71/c1wqy1_x26s5tgyqvfv1mhcr0000gn/T/snapshot_derived20260506-11270-ygdy2/Build/Intermediates.noindex/PicStrip.build/Debug-iphonesimulator/PicStrip.build/PicStrip-DebugDylibPath-normal-arm64.txt (in target 'PicStrip' from project 'PicStrip')
    cd /Users/eddie/Development/PicStrip
    write-file /var/folders/71/c1wqy1_x26s5tgyqvfv1mhcr0000gn/T/snapshot_derived20260506-11270-ygdy2/Build/Intermediates.noindex/PicStrip.build/Debug-iphonesimulator/PicStrip.build/PicStrip-DebugDylibPath-normal-arm64.txt

WriteAuxiliaryFile /var/folders/71/c1wqy1_x26s5tgyqvfv1mhcr0000gn/T/snapshot_derived20260506-11270-ygdy2/Build/Intermediates.noindex/PicStrip.build/Debug-iphonesimulator/PicStrip.build/PicStrip-DebugDylibInstallName-normal-arm64.txt (in target 'PicStrip' from project 'PicStrip')
    cd /Users/eddie/Development/PicStrip
    write-file /var/folders/71/c1wqy1_x26s5tgyqvfv1mhcr0000gn/T/snapshot_derived20260506-11270-ygdy2/Build/Intermediates.noindex/PicStrip.build/Debug-iphonesimulator/PicStrip.build/PicStrip-DebugDylibInstallName-normal-arm64.txt

WriteAuxiliaryFile /var/folders/71/c1wqy1_x26s5tgyqvfv1mhcr0000gn/T/snapshot_derived20260506-11270-ygdy2/Build/Intermediates.noindex/PicStrip.build/Debug-iphonesimulator/PicStrip.build/Objects-normal/arm64/PicStrip_const_extract_protocols.json (in target 'PicStrip' from project 'PicStrip')
    cd /Users/eddie/Development/PicStrip
    write-file /var/folders/71/c1wqy1_x26s5tgyqvfv1mhcr0000gn/T/snapshot_derived20260506-11270-ygdy2/Build/Intermediates.noindex/PicStrip.build/Debug-iphonesimulator/PicStrip.build/Objects-normal/arm64/PicStrip_const_extract_protocols.json

WriteAuxiliaryFile /var/folders/71/c1wqy1_x26s5tgyqvfv1mhcr0000gn/T/snapshot_derived20260506-11270-ygdy2/Build/Intermediates.noindex/PicStrip.build/Debug-iphonesimulator/PicStrip.build/Objects-normal/arm64/PicStrip.SwiftFileList (in target 'PicStrip' from project 'PicStrip')
    cd /Users/eddie/Development/PicStrip
    write-file /var/folders/71/c1wqy1_x26s5tgyqvfv1mhcr0000gn/T/snapshot_derived20260506-11270-ygdy2/Build/Intermediates.noindex/PicStrip.build/Debug-iphonesimulator/PicStrip.build/Objects-normal/arm64/PicStrip.SwiftFileList

WriteAuxiliaryFile /var/folders/71/c1wqy1_x26s5tgyqvfv1mhcr0000gn/T/snapshot_derived20260506-11270-ygdy2/Build/Intermediates.noindex/PicStrip.build/Debug-iphonesimulator/PicStrip.build/Objects-normal/arm64/PicStrip.SwiftConstValuesFileList (in target 'PicStrip' from project 'PicStrip')
    cd /Users/eddie/Development/PicStrip
    write-file /var/folders/71/c1wqy1_x26s5tgyqvfv1mhcr0000gn/T/snapshot_derived20260506-11270-ygdy2/Build/Intermediates.noindex/PicStrip.build/Debug-iphonesimulator/PicStrip.build/Objects-normal/arm64/PicStrip.SwiftConstValuesFileList

WriteAuxiliaryFile /var/folders/71/c1wqy1_x26s5tgyqvfv1mhcr0000gn/T/snapshot_derived20260506-11270-ygdy2/Build/Intermediates.noindex/PicStrip.build/Debug-iphonesimulator/PicStrip.build/Objects-normal/arm64/PicStrip.LinkFileList (in target 'PicStrip' from project 'PicStrip')
    cd /Users/eddie/Development/PicStrip
    write-file /var/folders/71/c1wqy1_x26s5tgyqvfv1mhcr0000gn/T/snapshot_derived20260506-11270-ygdy2/Build/Intermediates.noindex/PicStrip.build/Debug-iphonesimulator/PicStrip.build/Objects-normal/arm64/PicStrip.LinkFileList

WriteAuxiliaryFile /var/folders/71/c1wqy1_x26s5tgyqvfv1mhcr0000gn/T/snapshot_derived20260506-11270-ygdy2/Build/Intermediates.noindex/PicStrip.build/Debug-iphonesimulator/PicStrip.build/Objects-normal/arm64/PicStrip-OutputFileMap.json (in target 'PicStrip' from project 'PicStrip')
    cd /Users/eddie/Development/PicStrip
    write-file /var/folders/71/c1wqy1_x26s5tgyqvfv1mhcr0000gn/T/snapshot_derived20260506-11270-ygdy2/Build/Intermediates.noindex/PicStrip.build/Debug-iphonesimulator/PicStrip.build/Objects-normal/arm64/PicStrip-OutputFileMap.json

MkDir /var/folders/71/c1wqy1_x26s5tgyqvfv1mhcr0000gn/T/snapshot_derived20260506-11270-ygdy2/Build/Products/Debug-iphonesimulator/PicStripShareExtension.appex (in target 'PicStripShareExtension' from project 'PicStrip')
    cd /Users/eddie/Development/PicStrip
    /bin/mkdir -p /var/folders/71/c1wqy1_x26s5tgyqvfv1mhcr0000gn/T/snapshot_derived20260506-11270-ygdy2/Build/Products/Debug-iphonesimulator/PicStripShareExtension.appex

MkDir /var/folders/71/c1wqy1_x26s5tgyqvfv1mhcr0000gn/T/snapshot_derived20260506-11270-ygdy2/Build/Products/Debug-iphonesimulator/PicStrip.app/PlugIns (in target 'PicStrip' from project 'PicStrip')
    cd /Users/eddie/Development/PicStrip
    /bin/mkdir -p /var/folders/71/c1wqy1_x26s5tgyqvfv1mhcr0000gn/T/snapshot_derived20260506-11270-ygdy2/Build/Products/Debug-iphonesimulator/PicStrip.app/PlugIns

MkDir /var/folders/71/c1wqy1_x26s5tgyqvfv1mhcr0000gn/T/snapshot_derived20260506-11270-ygdy2/Build/Products/Debug-iphonesimulator/PicStrip.app (in target 'PicStrip' from project 'PicStrip')
    cd /Users/eddie/Development/PicStrip
    /bin/mkdir -p /var/folders/71/c1wqy1_x26s5tgyqvfv1mhcr0000gn/T/snapshot_derived20260506-11270-ygdy2/Build/Products/Debug-iphonesimulator/PicStrip.app

ProcessInfoPlistFile /var/folders/71/c1wqy1_x26s5tgyqvfv1mhcr0000gn/T/snapshot_derived20260506-11270-ygdy2/Build/Products/Debug-iphonesimulator/PicStripShareExtension.appex/Info.plist /Users/eddie/Development/PicStrip/PicStripShareExtension/Info.plist (in target 'PicStripShareExtension' from project 'PicStrip')
    cd /Users/eddie/Development/PicStrip
    builtin-infoPlistUtility /Users/eddie/Development/PicStrip/PicStripShareExtension/Info.plist -producttype com.apple.product-type.app-extension -expandbuildsettings -format binary -platform iphonesimulator -o /var/folders/71/c1wqy1_x26s5tgyqvfv1mhcr0000gn/T/snapshot_derived20260506-11270-ygdy2/Build/Products/Debug-iphonesimulator/PicStripShareExtension.appex/Info.plist

CpResource /var/folders/71/c1wqy1_x26s5tgyqvfv1mhcr0000gn/T/snapshot_derived20260506-11270-ygdy2/Build/Products/Debug-iphonesimulator/PicStripShareExtension.appex/PrivacyInfo.xcprivacy /Users/eddie/Development/PicStrip/PicStripShareExtension/PrivacyInfo.xcprivacy (in target 'PicStripShareExtension' from project 'PicStrip')
    cd /Users/eddie/Development/PicStrip
    builtin-copy -exclude .DS_Store -exclude CVS -exclude .svn -exclude .git -exclude .hg -resolve-src-symlinks /Users/eddie/Development/PicStrip/PicStripShareExtension/PrivacyInfo.xcprivacy /var/folders/71/c1wqy1_x26s5tgyqvfv1mhcr0000gn/T/snapshot_derived20260506-11270-ygdy2/Build/Products/Debug-iphonesimulator/PicStripShareExtension.appex

Ld /var/folders/71/c1wqy1_x26s5tgyqvfv1mhcr0000gn/T/snapshot_derived20260506-11270-ygdy2/Build/Products/Debug-iphonesimulator/PicStripShareExtension.appex/__preview.dylib normal (in target 'PicStripShareExtension' from project 'PicStrip')
    cd /Users/eddie/Development/PicStrip
    /Applications/Xcode.app/Contents/Developer/Toolchains/XcodeDefault.xctoolchain/usr/bin/clang -Xlinker -reproducible -target arm64-apple-ios17.0-simulator -dynamiclib -isysroot /Applications/Xcode.app/Contents/Developer/Platforms/iPhoneSimulator.platform/Developer/SDKs/iPhoneSimulator26.4.sdk -O0 -L/var/folders/71/c1wqy1_x26s5tgyqvfv1mhcr0000gn/T/snapshot_derived20260506-11270-ygdy2/Build/Products/Debug-iphonesimulator -F/var/folders/71/c1wqy1_x26s5tgyqvfv1mhcr0000gn/T/snapshot_derived20260506-11270-ygdy2/Build/Products/Debug-iphonesimulator -install_name @rpath/PicStripShareExtension.debug.dylib -Xlinker -dead_strip -rdynamic -Xlinker -no_deduplicate -Xlinker -objc_abi_version -Xlinker 2 -Xlinker -dependency_info -Xlinker /var/folders/71/c1wqy1_x26s5tgyqvfv1mhcr0000gn/T/snapshot_derived20260506-11270-ygdy2/Build/Intermediates.noindex/PicStrip.build/Debug-iphonesimulator/PicStripShareExtension.build/Objects-normal/arm64/PicStripShareExtension_dependency_info.dat -o /var/folders/71/c1wqy1_x26s5tgyqvfv1mhcr0000gn/T/snapshot_derived20260506-11270-ygdy2/Build/Products/Debug-iphonesimulator/PicStripShareExtension.appex/__preview.dylib

SwiftDriver PicStripShareExtension normal arm64 com.apple.xcode.tools.swift.compiler (in target 'PicStripShareExtension' from project 'PicStrip')
    cd /Users/eddie/Development/PicStrip
    builtin-SwiftDriver -- /Applications/Xcode.app/Contents/Developer/Toolchains/XcodeDefault.xctoolchain/usr/bin/swiftc -module-name PicStripShareExtension -Onone @/var/folders/71/c1wqy1_x26s5tgyqvfv1mhcr0000gn/T/snapshot_derived20260506-11270-ygdy2/Build/Intermediates.noindex/PicStrip.build/Debug-iphonesimulator/PicStripShareExtension.build/Objects-normal/arm64/PicStripShareExtension.SwiftFileList -DDEBUG -enable-bare-slash-regex -enable-experimental-feature DebugDescriptionMacro -sdk /Applications/Xcode.app/Contents/Developer/Platforms/iPhoneSimulator.platform/Developer/SDKs/iPhoneSimulator26.4.sdk -target arm64-apple-ios17.0-simulator -g -module-cache-path /var/folders/71/c1wqy1_x26s5tgyqvfv1mhcr0000gn/T/snapshot_derived20260506-11270-ygdy2/ModuleCache.noindex -Xfrontend -serialize-debugging-options -application-extension -enable-testing -index-store-path /var/folders/71/c1wqy1_x26s5tgyqvfv1mhcr0000gn/T/snapshot_derived20260506-11270-ygdy2/Index.noindex/DataStore -Xcc -D_LIBCPP_HARDENING_MODE\=_LIBCPP_HARDENING_MODE_DEBUG -swift-version 5 -I /var/folders/71/c1wqy1_x26s5tgyqvfv1mhcr0000gn/T/snapshot_derived20260506-11270-ygdy2/Build/Products/Debug-iphonesimulator -F /var/folders/71/c1wqy1_x26s5tgyqvfv1mhcr0000gn/T/snapshot_derived20260506-11270-ygdy2/Build/Products/Debug-iphonesimulator -c -j8 -enable-batch-mode -incremental -Xcc -ivfsstatcache -Xcc /var/folders/71/c1wqy1_x26s5tgyqvfv1mhcr0000gn/T/snapshot_derived20260506-11270-ygdy2/SDKStatCaches.noindex/iphonesimulator26.4-23E252-686eebb5dc1d8ecb277353a59184f4aa.sdkstatcache -output-file-map /var/folders/71/c1wqy1_x26s5tgyqvfv1mhcr0000gn/T/snapshot_derived20260506-11270-ygdy2/Build/Intermediates.noindex/PicStrip.build/Debug-iphonesimulator/PicStripShareExtension.build/Objects-normal/arm64/PicStripShareExtension-OutputFileMap.json -use-frontend-parseable-output -save-temps -no-color-diagnostics -explicit-module-build -module-cache-path /var/folders/71/c1wqy1_x26s5tgyqvfv1mhcr0000gn/T/snapshot_derived20260506-11270-ygdy2/Build/Intermediates.noindex/SwiftExplicitPrecompiledModules -clang-scanner-module-cache-path /var/folders/71/c1wqy1_x26s5tgyqvfv1mhcr0000gn/T/snapshot_derived20260506-11270-ygdy2/ModuleCache.noindex -sdk-module-cache-path /var/folders/71/c1wqy1_x26s5tgyqvfv1mhcr0000gn/T/snapshot_derived20260506-11270-ygdy2/ModuleCache.noindex -serialize-diagnostics -emit-dependencies -emit-module -emit-module-path /var/folders/71/c1wqy1_x26s5tgyqvfv1mhcr0000gn/T/snapshot_derived20260506-11270-ygdy2/Build/Intermediates.noindex/PicStrip.build/Debug-iphonesimulator/PicStripShareExtension.build/Objects-normal/arm64/PicStripShareExtension.swiftmodule -validate-clang-modules-once -clang-build-session-file /var/folders/71/c1wqy1_x26s5tgyqvfv1mhcr0000gn/T/snapshot_derived20260506-11270-ygdy2/ModuleCache.noindex/Session.modulevalidation -Xcc -I/var/folders/71/c1wqy1_x26s5tgyqvfv1mhcr0000gn/T/snapshot_derived20260506-11270-ygdy2/Build/Intermediates.noindex/PicStrip.build/Debug-iphonesimulator/PicStripShareExtension.build/swift-overrides.hmap -emit-const-values -Xfrontend -const-gather-protocols-file -Xfrontend /var/folders/71/c1wqy1_x26s5tgyqvfv1mhcr0000gn/T/snapshot_derived20260506-11270-ygdy2/Build/Intermediates.noindex/PicStrip.build/Debug-iphonesimulator/PicStripShareExtension.build/Objects-normal/arm64/PicStripShareExtension_const_extract_protocols.json -Xcc -iquote -Xcc /var/folders/71/c1wqy1_x26s5tgyqvfv1mhcr0000gn/T/snapshot_derived20260506-11270-ygdy2/Build/Intermediates.noindex/PicStrip.build/Debug-iphonesimulator/PicStripShareExtension.build/PicStripShareExtension-generated-files.hmap -Xcc -I/var/folders/71/c1wqy1_x26s5tgyqvfv1mhcr0000gn/T/snapshot_derived20260506-11270-ygdy2/Build/Intermediates.noindex/PicStrip.build/Debug-iphonesimulator/PicStripShareExtension.build/PicStripShareExtension-own-target-headers.hmap -Xcc -I/var/folders/71/c1wqy1_x26s5tgyqvfv1mhcr0000gn/T/snapshot_derived20260506-11270-ygdy2/Build/Intermediates.noindex/PicStrip.build/Debug-iphonesimulator/PicStripShareExtension.build/PicStripShareExtension-all-target-headers.hmap -Xcc -iquote -Xcc /var/folders/71/c1wqy1_x26s5tgyqvfv1mhcr0000gn/T/snapshot_derived20260506-11270-ygdy2/Build/Intermediates.noindex/PicStrip.build/Debug-iphonesimulator/PicStripShareExtension.build/PicStripShareExtension-project-headers.hmap -Xcc -I/var/folders/71/c1wqy1_x26s5tgyqvfv1mhcr0000gn/T/snapshot_derived20260506-11270-ygdy2/Build/Products/Debug-iphonesimulator/include -Xcc -I/var/folders/71/c1wqy1_x26s5tgyqvfv1mhcr0000gn/T/snapshot_derived20260506-11270-ygdy2/Build/Intermediates.noindex/PicStrip.build/Debug-iphonesimulator/PicStripShareExtension.build/DerivedSources-normal/arm64 -Xcc -I/var/folders/71/c1wqy1_x26s5tgyqvfv1mhcr0000gn/T/snapshot_derived20260506-11270-ygdy2/Build/Intermediates.noindex/PicStrip.build/Debug-iphonesimulator/PicStripShareExtension.build/DerivedSources/arm64 -Xcc -I/var/folders/71/c1wqy1_x26s5tgyqvfv1mhcr0000gn/T/snapshot_derived20260506-11270-ygdy2/Build/Intermediates.noindex/PicStrip.build/Debug-iphonesimulator/PicStripShareExtension.build/DerivedSources -Xcc -DDEBUG\=1 -emit-objc-header -emit-objc-header-path /var/folders/71/c1wqy1_x26s5tgyqvfv1mhcr0000gn/T/snapshot_derived20260506-11270-ygdy2/Build/Intermediates.noindex/PicStrip.build/Debug-iphonesimulator/PicStripShareExtension.build/Objects-normal/arm64/PicStripShareExtension-Swift.h -working-directory /Users/eddie/Development/PicStrip -experimental-emit-module-separately -disable-cmo

SwiftExplicitDependencyGeneratePcm arm64 /var/folders/71/c1wqy1_x26s5tgyqvfv1mhcr0000gn/T/snapshot_derived20260506-11270-ygdy2/ModuleCache.noindex/_Builtin_stdarg-CIKA2068HAG7LL1REKBOHD04P.pcm

SwiftExplicitDependencyGeneratePcm arm64 /var/folders/71/c1wqy1_x26s5tgyqvfv1mhcr0000gn/T/snapshot_derived20260506-11270-ygdy2/ModuleCache.noindex/_SwiftConcurrencyShims-DPXNKP8N6CB1C1HVAV6FS0H8T.pcm

SwiftExplicitDependencyGeneratePcm arm64 /var/folders/71/c1wqy1_x26s5tgyqvfv1mhcr0000gn/T/snapshot_derived20260506-11270-ygdy2/ModuleCache.noindex/ptrauth-9AL8R9JLW5B0F9MU6CGPT5OPD.pcm

SwiftExplicitDependencyGeneratePcm arm64 /var/folders/71/c1wqy1_x26s5tgyqvfv1mhcr0000gn/T/snapshot_derived20260506-11270-ygdy2/ModuleCache.noindex/ptrcheck-9PL66AY1C1RDRBYSLGQHXEWXS.pcm

SwiftExplicitDependencyGeneratePcm arm64 /var/folders/71/c1wqy1_x26s5tgyqvfv1mhcr0000gn/T/snapshot_derived20260506-11270-ygdy2/ModuleCache.noindex/_AvailabilityInternal-8BVJCPY2IQQS7KSMKI7Z9XI50.pcm

SwiftExplicitDependencyGeneratePcm arm64 /var/folders/71/c1wqy1_x26s5tgyqvfv1mhcr0000gn/T/snapshot_derived20260506-11270-ygdy2/ModuleCache.noindex/_Builtin_stdbool-9G9UKMK6SSKI0XN15MMNVXM45.pcm

SwiftExplicitDependencyGeneratePcm arm64 /var/folders/71/c1wqy1_x26s5tgyqvfv1mhcr0000gn/T/snapshot_derived20260506-11270-ygdy2/ModuleCache.noindex/_Builtin_stddef-CS4MJMKKM82NLSLAG4INND0SH.pcm

SwiftExplicitDependencyGeneratePcm arm64 /var/folders/71/c1wqy1_x26s5tgyqvfv1mhcr0000gn/T/snapshot_derived20260506-11270-ygdy2/ModuleCache.noindex/SwiftShims-9BE0LFPQEXUJKQFUFBJ2LCA5L.pcm

SwiftExplicitDependencyGeneratePcm arm64 /var/folders/71/c1wqy1_x26s5tgyqvfv1mhcr0000gn/T/snapshot_derived20260506-11270-ygdy2/ModuleCache.noindex/_Builtin_float-BAVZEWRWS0HR000BVPY10CIHM.pcm

SwiftExplicitDependencyGeneratePcm arm64 /var/folders/71/c1wqy1_x26s5tgyqvfv1mhcr0000gn/T/snapshot_derived20260506-11270-ygdy2/ModuleCache.noindex/DeveloperToolsSupport-9VZEFEWIW8BN1334V1EMP0AS1.pcm

SwiftExplicitDependencyGeneratePcm arm64 /var/folders/71/c1wqy1_x26s5tgyqvfv1mhcr0000gn/T/snapshot_derived20260506-11270-ygdy2/ModuleCache.noindex/_DarwinFoundation1-20S24AAIB16OCH6MF3YDWAGP6.pcm

SwiftExplicitDependencyGeneratePcm arm64 /var/folders/71/c1wqy1_x26s5tgyqvfv1mhcr0000gn/T/snapshot_derived20260506-11270-ygdy2/ModuleCache.noindex/_Builtin_limits-D6WKQ8CRKVY1E0UHVD1KZJ1XP.pcm

SwiftExplicitDependencyGeneratePcm arm64 /var/folders/71/c1wqy1_x26s5tgyqvfv1mhcr0000gn/T/snapshot_derived20260506-11270-ygdy2/ModuleCache.noindex/ExtensionFoundation-BBF3SAN8A9YKXNGJIG7SU7S1.pcm

SwiftExplicitDependencyGeneratePcm arm64 /var/folders/71/c1wqy1_x26s5tgyqvfv1mhcr0000gn/T/snapshot_derived20260506-11270-ygdy2/ModuleCache.noindex/_DarwinFoundation2-B5NTMLG3LVK5EG5EWW0JFI2HR.pcm

SwiftExplicitDependencyGeneratePcm arm64 /var/folders/71/c1wqy1_x26s5tgyqvfv1mhcr0000gn/T/snapshot_derived20260506-11270-ygdy2/ModuleCache.noindex/_Builtin_stdint-6N5CJEXA8M7FA81K82L8OC2LD.pcm

SwiftExplicitDependencyGeneratePcm arm64 /var/folders/71/c1wqy1_x26s5tgyqvfv1mhcr0000gn/T/snapshot_derived20260506-11270-ygdy2/ModuleCache.noindex/_Builtin_tgmath-1FPGBXHE7AAKYARL0476YS373.pcm

SwiftExplicitDependencyGeneratePcm arm64 /var/folders/71/c1wqy1_x26s5tgyqvfv1mhcr0000gn/T/snapshot_derived20260506-11270-ygdy2/ModuleCache.noindex/sys_types-DY5O6I2E7GCDCYG4FZU86AWXA.pcm

SwiftExplicitDependencyGeneratePcm arm64 /var/folders/71/c1wqy1_x26s5tgyqvfv1mhcr0000gn/T/snapshot_derived20260506-11270-ygdy2/ModuleCache.noindex/_Builtin_stdatomic-BB6G7V06ELBBBL6WCDWFN4P08.pcm

SwiftExplicitDependencyGeneratePcm arm64 /var/folders/71/c1wqy1_x26s5tgyqvfv1mhcr0000gn/T/snapshot_derived20260506-11270-ygdy2/ModuleCache.noindex/_Builtin_intrinsics-D8S3N8FMT1Y6IQKXV398RXE8Q.pcm

SwiftExplicitDependencyGeneratePcm arm64 /var/folders/71/c1wqy1_x26s5tgyqvfv1mhcr0000gn/T/snapshot_derived20260506-11270-ygdy2/ModuleCache.noindex/_DarwinFoundation3-659KNEDD791LFQKEKTB3PP59V.pcm

SwiftExplicitDependencyGeneratePcm arm64 /var/folders/71/c1wqy1_x26s5tgyqvfv1mhcr0000gn/T/snapshot_derived20260506-11270-ygdy2/ModuleCache.noindex/_Builtin_inttypes-5U6LZ5G3OHLO9F0CYZHFRMCVH.pcm

SwiftExplicitDependencyGeneratePcm arm64 /var/folders/71/c1wqy1_x26s5tgyqvfv1mhcr0000gn/T/snapshot_derived20260506-11270-ygdy2/ModuleCache.noindex/Darwin-6HGLKA30I227UDYQWUWRT1IDU.pcm

SwiftExplicitDependencyGeneratePcm arm64 /var/folders/71/c1wqy1_x26s5tgyqvfv1mhcr0000gn/T/snapshot_derived20260506-11270-ygdy2/ModuleCache.noindex/simd-8M6YWEEL76MGFP45GEHF8P1NI.pcm

SwiftExplicitDependencyGeneratePcm arm64 /var/folders/71/c1wqy1_x26s5tgyqvfv1mhcr0000gn/T/snapshot_derived20260506-11270-ygdy2/ModuleCache.noindex/MachO-8CE97YBIX6FFSLJWH15A9YLEX.pcm

SwiftExplicitDependencyGeneratePcm arm64 /var/folders/71/c1wqy1_x26s5tgyqvfv1mhcr0000gn/T/snapshot_derived20260506-11270-ygdy2/ModuleCache.noindex/ObjectiveC-1VB04TL5F5DFP610VIOP3VZST.pcm

SwiftExplicitDependencyGeneratePcm arm64 /var/folders/71/c1wqy1_x26s5tgyqvfv1mhcr0000gn/T/snapshot_derived20260506-11270-ygdy2/ModuleCache.noindex/Spatial-2JBGRGZYF5F77E5VSP7GN3ZJ6.pcm

SwiftExplicitDependencyGeneratePcm arm64 /var/folders/71/c1wqy1_x26s5tgyqvfv1mhcr0000gn/T/snapshot_derived20260506-11270-ygdy2/ModuleCache.noindex/os_object-7G3HZ1QJWYM6Q1MOICX9O5XMC.pcm

SwiftExplicitDependencyGeneratePcm arm64 /var/folders/71/c1wqy1_x26s5tgyqvfv1mhcr0000gn/T/snapshot_derived20260506-11270-ygdy2/ModuleCache.noindex/os_workgroup-7A56HU0E79H85CU1S5DENUQA8.pcm

SwiftExplicitDependencyGeneratePcm arm64 /var/folders/71/c1wqy1_x26s5tgyqvfv1mhcr0000gn/T/snapshot_derived20260506-11270-ygdy2/ModuleCache.noindex/Dispatch-AYRHGQMOLB0MHRM0GHKIODNJC.pcm

SwiftExplicitDependencyGeneratePcm arm64 /var/folders/71/c1wqy1_x26s5tgyqvfv1mhcr0000gn/T/snapshot_derived20260506-11270-ygdy2/ModuleCache.noindex/dnssd-EW9I8T773D2J739IA3P0LF5ZG.pcm

SwiftExplicitDependencyGeneratePcm arm64 /var/folders/71/c1wqy1_x26s5tgyqvfv1mhcr0000gn/T/snapshot_derived20260506-11270-ygdy2/ModuleCache.noindex/XPC-BFOXBUY1PHDW6Y7FFXZXHTM9Y.pcm

SwiftExplicitDependencyGeneratePcm arm64 /var/folders/71/c1wqy1_x26s5tgyqvfv1mhcr0000gn/T/snapshot_derived20260506-11270-ygdy2/ModuleCache.noindex/CoreFoundation-10HRP4364RMWJIQRZKKVGKBF5.pcm

SwiftExplicitDependencyGeneratePcm arm64 /var/folders/71/c1wqy1_x26s5tgyqvfv1mhcr0000gn/T/snapshot_derived20260506-11270-ygdy2/ModuleCache.noindex/os-EJNTXQOHUWD4GT7ZMHWA51G1D.pcm

SwiftExplicitDependencyGeneratePcm arm64 /var/folders/71/c1wqy1_x26s5tgyqvfv1mhcr0000gn/T/snapshot_derived20260506-11270-ygdy2/ModuleCache.noindex/CoreGraphics-55IGG0AXRRXPMYJ1FQ4XP40NE.pcm

SwiftExplicitDependencyGeneratePcm arm64 /var/folders/71/c1wqy1_x26s5tgyqvfv1mhcr0000gn/T/snapshot_derived20260506-11270-ygdy2/ModuleCache.noindex/Security-61Y0UFJ95QLKV8U1ADRX0JEWF.pcm

SwiftExplicitDependencyGeneratePcm arm64 /var/folders/71/c1wqy1_x26s5tgyqvfv1mhcr0000gn/T/snapshot_derived20260506-11270-ygdy2/ModuleCache.noindex/CFNetwork-7KSF4LOWZTAYEDT9L2QQS7F4J.pcm

SwiftExplicitDependencyGeneratePcm arm64 /var/folders/71/c1wqy1_x26s5tgyqvfv1mhcr0000gn/T/snapshot_derived20260506-11270-ygdy2/ModuleCache.noindex/CoreAudioTypes-2QTFLYTCYS20MQE0KL22SHYTT.pcm

SwiftExplicitDependencyGeneratePcm arm64 /var/folders/71/c1wqy1_x26s5tgyqvfv1mhcr0000gn/T/snapshot_derived20260506-11270-ygdy2/ModuleCache.noindex/CoreAudio-AVY70NXT4NCC1P2195NT83I2Q.pcm

SwiftExplicitDependencyGeneratePcm arm64 /var/folders/71/c1wqy1_x26s5tgyqvfv1mhcr0000gn/T/snapshot_derived20260506-11270-ygdy2/ModuleCache.noindex/Foundation-CERYFA18BVOIFIF7KE14HCIAX.pcm

SwiftExplicitDependencyGeneratePcm arm64 /var/folders/71/c1wqy1_x26s5tgyqvfv1mhcr0000gn/T/snapshot_derived20260506-11270-ygdy2/ModuleCache.noindex/CoreText-7DLZ8W1M4UQUP4ZH3MLGA51TU.pcm

SwiftExplicitDependencyGeneratePcm arm64 /var/folders/71/c1wqy1_x26s5tgyqvfv1mhcr0000gn/T/snapshot_derived20260506-11270-ygdy2/ModuleCache.noindex/ImageIO-8OCCZ0WQOVV9MP0JNG3MUVJ0W.pcm

SwiftExplicitDependencyGeneratePcm arm64 /var/folders/71/c1wqy1_x26s5tgyqvfv1mhcr0000gn/T/snapshot_derived20260506-11270-ygdy2/ModuleCache.noindex/CoreTransferable-39GJ5CFB0V2G4I5SBCBITBIRW.pcm

SwiftExplicitDependencyGeneratePcm arm64 /var/folders/71/c1wqy1_x26s5tgyqvfv1mhcr0000gn/T/snapshot_derived20260506-11270-ygdy2/ModuleCache.noindex/UniformTypeIdentifiers-7RD9MT4GJREN9JVC1VZUWJS17.pcm

SwiftExplicitDependencyGeneratePcm arm64 /var/folders/71/c1wqy1_x26s5tgyqvfv1mhcr0000gn/T/snapshot_derived20260506-11270-ygdy2/ModuleCache.noindex/CoreMIDI-10LWPCVUO8LKEV8IIVPFHAKWB.pcm

SwiftExplicitDependencyGeneratePcm arm64 /var/folders/71/c1wqy1_x26s5tgyqvfv1mhcr0000gn/T/snapshot_derived20260506-11270-ygdy2/ModuleCache.noindex/OpenGLES-ENR7K7LFPZQ8LYZ59YHF0DTMB.pcm

SwiftExplicitDependencyGeneratePcm arm64 /var/folders/71/c1wqy1_x26s5tgyqvfv1mhcr0000gn/T/snapshot_derived20260506-11270-ygdy2/ModuleCache.noindex/OSLog-AGKTIVSYF9TQL68YAQUDN6LC3.pcm

SwiftExplicitDependencyGeneratePcm arm64 /var/folders/71/c1wqy1_x26s5tgyqvfv1mhcr0000gn/T/snapshot_derived20260506-11270-ygdy2/ModuleCache.noindex/_LocationEssentials-7RE4AGV7UE6Q5QIYJTI3OG9KC.pcm

SwiftExplicitDependencyGeneratePcm arm64 /var/folders/71/c1wqy1_x26s5tgyqvfv1mhcr0000gn/T/snapshot_derived20260506-11270-ygdy2/ModuleCache.noindex/FileProvider-DPOT8PB2F0D5EYUP4SF9M60IK.pcm

SwiftExplicitDependencyGeneratePcm arm64 /var/folders/71/c1wqy1_x26s5tgyqvfv1mhcr0000gn/T/snapshot_derived20260506-11270-ygdy2/ModuleCache.noindex/Accessibility-DRVO2S4260EDM48E0FVDGCVYR.pcm

SwiftExplicitDependencyGeneratePcm arm64 /var/folders/71/c1wqy1_x26s5tgyqvfv1mhcr0000gn/T/snapshot_derived20260506-11270-ygdy2/ModuleCache.noindex/IOSurface-5D384UH4ZM7P4EIOHSB0DA44T.pcm

SwiftExplicitDependencyGeneratePcm arm64 /var/folders/71/c1wqy1_x26s5tgyqvfv1mhcr0000gn/T/snapshot_derived20260506-11270-ygdy2/ModuleCache.noindex/UserNotifications-4N5VOOH5BYX43EHDDBOKELZYZ.pcm

SwiftExplicitDependencyGeneratePcm arm64 /var/folders/71/c1wqy1_x26s5tgyqvfv1mhcr0000gn/T/snapshot_derived20260506-11270-ygdy2/ModuleCache.noindex/AudioToolbox-5TNTIG9SFD0UAQF7V3KSB6VGK.pcm

SwiftExplicitDependencyGeneratePcm arm64 /var/folders/71/c1wqy1_x26s5tgyqvfv1mhcr0000gn/T/snapshot_derived20260506-11270-ygdy2/ModuleCache.noindex/Network-661WV4Q4UQN2087BUZD9VSLN6.pcm

SwiftExplicitDependencyGeneratePcm arm64 /var/folders/71/c1wqy1_x26s5tgyqvfv1mhcr0000gn/T/snapshot_derived20260506-11270-ygdy2/ModuleCache.noindex/CoreLocation-1AVVK5UD3IVSW8XE9V1CG0D3N.pcm

SwiftExplicitDependencyGeneratePcm arm64 /var/folders/71/c1wqy1_x26s5tgyqvfv1mhcr0000gn/T/snapshot_derived20260506-11270-ygdy2/ModuleCache.noindex/UIUtilities-F0RFG190PGEVBJKGJ3HP1R2T8.pcm

SwiftExplicitDependencyGeneratePcm arm64 /var/folders/71/c1wqy1_x26s5tgyqvfv1mhcr0000gn/T/snapshot_derived20260506-11270-ygdy2/ModuleCache.noindex/Symbols-7OADT7NUTUIF5NR1A9XZN4SI0.pcm

SwiftExplicitDependencyGeneratePcm arm64 /var/folders/71/c1wqy1_x26s5tgyqvfv1mhcr0000gn/T/snapshot_derived20260506-11270-ygdy2/ModuleCache.noindex/Metal-B6AUBL4KDDFVVN2EP66LTR73L.pcm

SwiftExplicitDependencyGeneratePcm arm64 /var/folders/71/c1wqy1_x26s5tgyqvfv1mhcr0000gn/T/snapshot_derived20260506-11270-ygdy2/ModuleCache.noindex/DataDetection-9PHWII6EAA4H551Y0VXIJRQDZ.pcm

SwiftExplicitDependencyGeneratePcm arm64 /var/folders/71/c1wqy1_x26s5tgyqvfv1mhcr0000gn/T/snapshot_derived20260506-11270-ygdy2/ModuleCache.noindex/CoreData-2OZUNHELT0J59DHYEJVFWTBU0.pcm

SwiftExplicitDependencyGeneratePcm arm64 /var/folders/71/c1wqy1_x26s5tgyqvfv1mhcr0000gn/T/snapshot_derived20260506-11270-ygdy2/ModuleCache.noindex/AVRouting-85AO4EMYUOI7MK04D0YP4R5KS.pcm

SwiftExplicitDependencyGeneratePcm arm64 /var/folders/71/c1wqy1_x26s5tgyqvfv1mhcr0000gn/T/snapshot_derived20260506-11270-ygdy2/ModuleCache.noindex/CoreVideo-8SPAEOKXOJDV5KZ3TFDPPHPBL.pcm

SwiftExplicitDependencyGeneratePcm arm64 /var/folders/71/c1wqy1_x26s5tgyqvfv1mhcr0000gn/T/snapshot_derived20260506-11270-ygdy2/ModuleCache.noindex/CoreMedia-ARRBYH146OKQ95NHPRDO18D6A.pcm

SwiftExplicitDependencyGeneratePcm arm64 /var/folders/71/c1wqy1_x26s5tgyqvfv1mhcr0000gn/T/snapshot_derived20260506-11270-ygdy2/ModuleCache.noindex/CoreML-97T6RMMKTWH4W9Q71WUFVJQG4.pcm

SwiftExplicitDependencyGeneratePcm arm64 /var/folders/71/c1wqy1_x26s5tgyqvfv1mhcr0000gn/T/snapshot_derived20260506-11270-ygdy2/ModuleCache.noindex/Accelerate-8V3DPVCIP28Q6IREZTXH72WMJ.pcm

SwiftExplicitDependencyGeneratePcm arm64 /var/folders/71/c1wqy1_x26s5tgyqvfv1mhcr0000gn/T/snapshot_derived20260506-11270-ygdy2/ModuleCache.noindex/CoreImage-DKIEIIN0LH82VRU3X4TBW3S9L.pcm

SwiftExplicitDependencyGeneratePcm arm64 /var/folders/71/c1wqy1_x26s5tgyqvfv1mhcr0000gn/T/snapshot_derived20260506-11270-ygdy2/ModuleCache.noindex/QuartzCore-130XT16P7EBCH4O5W9WYEO1T4.pcm

SwiftExplicitDependencyGeneratePcm arm64 /var/folders/71/c1wqy1_x26s5tgyqvfv1mhcr0000gn/T/snapshot_derived20260506-11270-ygdy2/ModuleCache.noindex/SwiftUICore-35TR4I89W68PX1LRUWPF8OCIP.pcm

SwiftExplicitDependencyGeneratePcm arm64 /var/folders/71/c1wqy1_x26s5tgyqvfv1mhcr0000gn/T/snapshot_derived20260506-11270-ygdy2/ModuleCache.noindex/Vision-89CC795XBOI9OKSNDJW1GG1LD.pcm

SwiftExplicitDependencyGeneratePcm arm64 /var/folders/71/c1wqy1_x26s5tgyqvfv1mhcr0000gn/T/snapshot_derived20260506-11270-ygdy2/ModuleCache.noindex/AVFAudio-PTRHOHCJ9T7LPHLHV84M1HY0.pcm

SwiftExplicitDependencyGeneratePcm arm64 /var/folders/71/c1wqy1_x26s5tgyqvfv1mhcr0000gn/T/snapshot_derived20260506-11270-ygdy2/ModuleCache.noindex/MediaToolbox-3QYW23CEPVVCH5ZSX3WZ2784I.pcm

SwiftExplicitDependencyGeneratePcm arm64 /var/folders/71/c1wqy1_x26s5tgyqvfv1mhcr0000gn/T/snapshot_derived20260506-11270-ygdy2/ModuleCache.noindex/UIKit-25S0I78OVQS5YYLIIVP3N4OB3.pcm

SwiftExplicitDependencyGeneratePcm arm64 /var/folders/71/c1wqy1_x26s5tgyqvfv1mhcr0000gn/T/snapshot_derived20260506-11270-ygdy2/ModuleCache.noindex/AVFoundation-2I9SA5VFRLS6OXUKSO44HLBSO.pcm

SwiftExplicitDependencyGeneratePcm arm64 /var/folders/71/c1wqy1_x26s5tgyqvfv1mhcr0000gn/T/snapshot_derived20260506-11270-ygdy2/ModuleCache.noindex/Photos-BKSTZZ1BH04B3S9WSM91MTRSR.pcm

SwiftExplicitDependencyGeneratePcm arm64 /var/folders/71/c1wqy1_x26s5tgyqvfv1mhcr0000gn/T/snapshot_derived20260506-11270-ygdy2/ModuleCache.noindex/SwiftUI-DK9762Z1DL219RJOJ36LL76NE.pcm

SwiftEmitModule normal arm64 Emitting\ module\ for\ PicStripShareExtension (in target 'PicStripShareExtension' from project 'PicStrip')

EmitSwiftModule normal arm64 (in target 'PicStripShareExtension' from project 'PicStrip')
    cd /Users/eddie/Development/PicStrip
    

SwiftCompile normal arm64 Compiling\ PIIScanner.swift /Users/eddie/Development/PicStrip/PicStrip/PIIScanner.swift (in target 'PicStripShareExtension' from project 'PicStrip')
SwiftCompile normal arm64 /Users/eddie/Development/PicStrip/PicStrip/PIIScanner.swift (in target 'PicStripShareExtension' from project 'PicStrip')
    cd /Users/eddie/Development/PicStrip
    

SwiftCompile normal arm64 Compiling\ PIIType.swift /Users/eddie/Development/PicStrip/PicStrip/PIIType.swift (in target 'PicStripShareExtension' from project 'PicStrip')

SwiftCompile normal arm64 /Users/eddie/Development/PicStrip/PicStrip/PIIType.swift (in target 'PicStripShareExtension' from project 'PicStrip')
    cd /Users/eddie/Development/PicStrip
    

SwiftCompile normal arm64 Compiling\ ShareViewController.swift /Users/eddie/Development/PicStrip/PicStripShareExtension/ShareViewController.swift (in target 'PicStripShareExtension' from project 'PicStrip')
SwiftCompile normal arm64 /Users/eddie/Development/PicStrip/PicStripShareExtension/ShareViewController.swift (in target 'PicStripShareExtension' from project 'PicStrip')
    cd /Users/eddie/Development/PicStrip
    

SwiftCompile normal arm64 Compiling\ ImageRedactor.swift /Users/eddie/Development/PicStrip/PicStrip/ImageRedactor.swift (in target 'PicStripShareExtension' from project 'PicStrip')

SwiftCompile normal arm64 /Users/eddie/Development/PicStrip/PicStrip/ImageRedactor.swift (in target 'PicStripShareExtension' from project 'PicStrip')
    cd /Users/eddie/Development/PicStrip
    

SwiftCompile normal arm64 Compiling\ ImageProcessor.swift /Users/eddie/Development/PicStrip/PicStripShareExtension/ImageProcessor.swift (in target 'PicStripShareExtension' from project 'PicStrip')

SwiftCompile normal arm64 /Users/eddie/Development/PicStrip/PicStripShareExtension/ImageProcessor.swift (in target 'PicStripShareExtension' from project 'PicStrip')
    cd /Users/eddie/Development/PicStrip
    

SwiftCompile normal arm64 Compiling\ ExportPreset.swift /Users/eddie/Development/PicStrip/PicStripShareExtension/ExportPreset.swift (in target 'PicStripShareExtension' from project 'PicStrip')

SwiftCompile normal arm64 /Users/eddie/Development/PicStrip/PicStripShareExtension/ExportPreset.swift (in target 'PicStripShareExtension' from project 'PicStrip')
    cd /Users/eddie/Development/PicStrip
    

SwiftCompile normal arm64 Compiling\ DetectionModels.swift /Users/eddie/Development/PicStrip/PicStrip/DetectionModels.swift (in target 'PicStripShareExtension' from project 'PicStrip')

SwiftCompile normal arm64 /Users/eddie/Development/PicStrip/PicStrip/DetectionModels.swift (in target 'PicStripShareExtension' from project 'PicStrip')
    cd /Users/eddie/Development/PicStrip
    

SwiftCompile normal arm64 Compiling\ DetectionRule.swift /Users/eddie/Development/PicStrip/PicStrip/DetectionRule.swift (in target 'PicStripShareExtension' from project 'PicStrip')

SwiftCompile normal arm64 /Users/eddie/Development/PicStrip/PicStrip/DetectionRule.swift (in target 'PicStripShareExtension' from project 'PicStrip')
    cd /Users/eddie/Development/PicStrip
    

SwiftDriverJobDiscovery normal arm64 Emitting module for PicStripShareExtension (in target 'PicStripShareExtension' from project 'PicStrip')

SwiftDriver\ Compilation\ Requirements PicStripShareExtension normal arm64 com.apple.xcode.tools.swift.compiler (in target 'PicStripShareExtension' from project 'PicStrip')
    cd /Users/eddie/Development/PicStrip
    builtin-Swift-Compilation-Requirements -- /Applications/Xcode.app/Contents/Developer/Toolchains/XcodeDefault.xctoolchain/usr/bin/swiftc -module-name PicStripShareExtension -Onone @/var/folders/71/c1wqy1_x26s5tgyqvfv1mhcr0000gn/T/snapshot_derived20260506-11270-ygdy2/Build/Intermediates.noindex/PicStrip.build/Debug-iphonesimulator/PicStripShareExtension.build/Objects-normal/arm64/PicStripShareExtension.SwiftFileList -DDEBUG -enable-bare-slash-regex -enable-experimental-feature DebugDescriptionMacro -sdk /Applications/Xcode.app/Contents/Developer/Platforms/iPhoneSimulator.platform/Developer/SDKs/iPhoneSimulator26.4.sdk -target arm64-apple-ios17.0-simulator -g -module-cache-path /var/folders/71/c1wqy1_x26s5tgyqvfv1mhcr0000gn/T/snapshot_derived20260506-11270-ygdy2/ModuleCache.noindex -Xfrontend -serialize-debugging-options -application-extension -enable-testing -index-store-path /var/folders/71/c1wqy1_x26s5tgyqvfv1mhcr0000gn/T/snapshot_derived20260506-11270-ygdy2/Index.noindex/DataStore -Xcc -D_LIBCPP_HARDENING_MODE\=_LIBCPP_HARDENING_MODE_DEBUG -swift-version 5 -I /var/folders/71/c1wqy1_x26s5tgyqvfv1mhcr0000gn/T/snapshot_derived20260506-11270-ygdy2/Build/Products/Debug-iphonesimulator -F /var/folders/71/c1wqy1_x26s5tgyqvfv1mhcr0000gn/T/snapshot_derived20260506-11270-ygdy2/Build/Products/Debug-iphonesimulator -c -j8 -enable-batch-mode -incremental -Xcc -ivfsstatcache -Xcc /var/folders/71/c1wqy1_x26s5tgyqvfv1mhcr0000gn/T/snapshot_derived20260506-11270-ygdy2/SDKStatCaches.noindex/iphonesimulator26.4-23E252-686eebb5dc1d8ecb277353a59184f4aa.sdkstatcache -output-file-map /var/folders/71/c1wqy1_x26s5tgyqvfv1mhcr0000gn/T/snapshot_derived20260506-11270-ygdy2/Build/Intermediates.noindex/PicStrip.build/Debug-iphonesimulator/PicStripShareExtension.build/Objects-normal/arm64/PicStripShareExtension-OutputFileMap.json -use-frontend-parseable-output -save-temps -no-color-diagnostics -explicit-module-build -module-cache-path /var/folders/71/c1wqy1_x26s5tgyqvfv1mhcr0000gn/T/snapshot_derived20260506-11270-ygdy2/Build/Intermediates.noindex/SwiftExplicitPrecompiledModules -clang-scanner-module-cache-path /var/folders/71/c1wqy1_x26s5tgyqvfv1mhcr0000gn/T/snapshot_derived20260506-11270-ygdy2/ModuleCache.noindex -sdk-module-cache-path /var/folders/71/c1wqy1_x26s5tgyqvfv1mhcr0000gn/T/snapshot_derived20260506-11270-ygdy2/ModuleCache.noindex -serialize-diagnostics -emit-dependencies -emit-module -emit-module-path /var/folders/71/c1wqy1_x26s5tgyqvfv1mhcr0000gn/T/snapshot_derived20260506-11270-ygdy2/Build/Intermediates.noindex/PicStrip.build/Debug-iphonesimulator/PicStripShareExtension.build/Objects-normal/arm64/PicStripShareExtension.swiftmodule -validate-clang-modules-once -clang-build-session-file /var/folders/71/c1wqy1_x26s5tgyqvfv1mhcr0000gn/T/snapshot_derived20260506-11270-ygdy2/ModuleCache.noindex/Session.modulevalidation -Xcc -I/var/folders/71/c1wqy1_x26s5tgyqvfv1mhcr0000gn/T/snapshot_derived20260506-11270-ygdy2/Build/Intermediates.noindex/PicStrip.build/Debug-iphonesimulator/PicStripShareExtension.build/swift-overrides.hmap -emit-const-values -Xfrontend -const-gather-protocols-file -Xfrontend /var/folders/71/c1wqy1_x26s5tgyqvfv1mhcr0000gn/T/snapshot_derived20260506-11270-ygdy2/Build/Intermediates.noindex/PicStrip.build/Debug-iphonesimulator/PicStripShareExtension.build/Objects-normal/arm64/PicStripShareExtension_const_extract_protocols.json -Xcc -iquote -Xcc /var/folders/71/c1wqy1_x26s5tgyqvfv1mhcr0000gn/T/snapshot_derived20260506-11270-ygdy2/Build/Intermediates.noindex/PicStrip.build/Debug-iphonesimulator/PicStripShareExtension.build/PicStripShareExtension-generated-files.hmap -Xcc -I/var/folders/71/c1wqy1_x26s5tgyqvfv1mhcr0000gn/T/snapshot_derived20260506-11270-ygdy2/Build/Intermediates.noindex/PicStrip.build/Debug-iphonesimulator/PicStripShareExtension.build/PicStripShareExtension-own-target-headers.hmap -Xcc -I/var/folders/71/c1wqy1_x26s5tgyqvfv1mhcr0000gn/T/snapshot_derived20260506-11270-ygdy2/Build/Intermediates.noindex/PicStrip.build/Debug-iphonesimulator/PicStripShareExtension.build/PicStripShareExtension-all-target-headers.hmap -Xcc -iquote -Xcc /var/folders/71/c1wqy1_x26s5tgyqvfv1mhcr0000gn/T/snapshot_derived20260506-11270-ygdy2/Build/Intermediates.noindex/PicStrip.build/Debug-iphonesimulator/PicStripShareExtension.build/PicStripShareExtension-project-headers.hmap -Xcc -I/var/folders/71/c1wqy1_x26s5tgyqvfv1mhcr0000gn/T/snapshot_derived20260506-11270-ygdy2/Build/Products/Debug-iphonesimulator/include -Xcc -I/var/folders/71/c1wqy1_x26s5tgyqvfv1mhcr0000gn/T/snapshot_derived20260506-11270-ygdy2/Build/Intermediates.noindex/PicStrip.build/Debug-iphonesimulator/PicStripShareExtension.build/DerivedSources-normal/arm64 -Xcc -I/var/folders/71/c1wqy1_x26s5tgyqvfv1mhcr0000gn/T/snapshot_derived20260506-11270-ygdy2/Build/Intermediates.noindex/PicStrip.build/Debug-iphonesimulator/PicStripShareExtension.build/DerivedSources/arm64 -Xcc -I/var/folders/71/c1wqy1_x26s5tgyqvfv1mhcr0000gn/T/snapshot_derived20260506-11270-ygdy2/Build/Intermediates.noindex/PicStrip.build/Debug-iphonesimulator/PicStripShareExtension.build/DerivedSources -Xcc -DDEBUG\=1 -emit-objc-header -emit-objc-header-path /var/folders/71/c1wqy1_x26s5tgyqvfv1mhcr0000gn/T/snapshot_derived20260506-11270-ygdy2/Build/Intermediates.noindex/PicStrip.build/Debug-iphonesimulator/PicStripShareExtension.build/Objects-normal/arm64/PicStripShareExtension-Swift.h -working-directory /Users/eddie/Development/PicStrip -experimental-emit-module-separately -disable-cmo

SwiftDriverJobDiscovery normal arm64 Compiling ExportPreset.swift (in target 'PicStripShareExtension' from project 'PicStrip')

SwiftDriverJobDiscovery normal arm64 Compiling PIIType.swift (in target 'PicStripShareExtension' from project 'PicStrip')

SwiftMergeGeneratedHeaders /var/folders/71/c1wqy1_x26s5tgyqvfv1mhcr0000gn/T/snapshot_derived20260506-11270-ygdy2/Build/Intermediates.noindex/PicStrip.build/Debug-iphonesimulator/PicStripShareExtension.build/DerivedSources/PicStripShareExtension-Swift.h /var/folders/71/c1wqy1_x26s5tgyqvfv1mhcr0000gn/T/snapshot_derived20260506-11270-ygdy2/Build/Intermediates.noindex/PicStrip.build/Debug-iphonesimulator/PicStripShareExtension.build/Objects-normal/arm64/PicStripShareExtension-Swift.h (in target 'PicStripShareExtension' from project 'PicStrip')
    cd /Users/eddie/Development/PicStrip
    builtin-swiftHeaderTool -arch arm64 /var/folders/71/c1wqy1_x26s5tgyqvfv1mhcr0000gn/T/snapshot_derived20260506-11270-ygdy2/Build/Intermediates.noindex/PicStrip.build/Debug-iphonesimulator/PicStripShareExtension.build/Objects-normal/arm64/PicStripShareExtension-Swift.h -o /var/folders/71/c1wqy1_x26s5tgyqvfv1mhcr0000gn/T/snapshot_derived20260506-11270-ygdy2/Build/Intermediates.noindex/PicStrip.build/Debug-iphonesimulator/PicStripShareExtension.build/DerivedSources/PicStripShareExtension-Swift.h

Copy /var/folders/71/c1wqy1_x26s5tgyqvfv1mhcr0000gn/T/snapshot_derived20260506-11270-ygdy2/Build/Products/Debug-iphonesimulator/PicStripShareExtension.swiftmodule/arm64-apple-ios-simulator.swiftmodule /var/folders/71/c1wqy1_x26s5tgyqvfv1mhcr0000gn/T/snapshot_derived20260506-11270-ygdy2/Build/Intermediates.noindex/PicStrip.build/Debug-iphonesimulator/PicStripShareExtension.build/Objects-normal/arm64/PicStripShareExtension.swiftmodule (in target 'PicStripShareExtension' from project 'PicStrip')
    cd /Users/eddie/Development/PicStrip
    builtin-copy -exclude .DS_Store -exclude CVS -exclude .svn -exclude .git -exclude .hg -resolve-src-symlinks -rename /var/folders/71/c1wqy1_x26s5tgyqvfv1mhcr0000gn/T/snapshot_derived20260506-11270-ygdy2/Build/Intermediates.noindex/PicStrip.build/Debug-iphonesimulator/PicStripShareExtension.build/Objects-normal/arm64/PicStripShareExtension.swiftmodule /var/folders/71/c1wqy1_x26s5tgyqvfv1mhcr0000gn/T/snapshot_derived20260506-11270-ygdy2/Build/Products/Debug-iphonesimulator/PicStripShareExtension.swiftmodule/arm64-apple-ios-simulator.swiftmodule

Copy /var/folders/71/c1wqy1_x26s5tgyqvfv1mhcr0000gn/T/snapshot_derived20260506-11270-ygdy2/Build/Products/Debug-iphonesimulator/PicStripShareExtension.swiftmodule/arm64-apple-ios-simulator.swiftdoc /var/folders/71/c1wqy1_x26s5tgyqvfv1mhcr0000gn/T/snapshot_derived20260506-11270-ygdy2/Build/Intermediates.noindex/PicStrip.build/Debug-iphonesimulator/PicStripShareExtension.build/Objects-normal/arm64/PicStripShareExtension.swiftdoc (in target 'PicStripShareExtension' from project 'PicStrip')
    cd /Users/eddie/Development/PicStrip
    builtin-copy -exclude .DS_Store -exclude CVS -exclude .svn -exclude .git -exclude .hg -resolve-src-symlinks -rename /var/folders/71/c1wqy1_x26s5tgyqvfv1mhcr0000gn/T/snapshot_derived20260506-11270-ygdy2/Build/Intermediates.noindex/PicStrip.build/Debug-iphonesimulator/PicStripShareExtension.build/Objects-normal/arm64/PicStripShareExtension.swiftdoc /var/folders/71/c1wqy1_x26s5tgyqvfv1mhcr0000gn/T/snapshot_derived20260506-11270-ygdy2/Build/Products/Debug-iphonesimulator/PicStripShareExtension.swiftmodule/arm64-apple-ios-simulator.swiftdoc

Copy /var/folders/71/c1wqy1_x26s5tgyqvfv1mhcr0000gn/T/snapshot_derived20260506-11270-ygdy2/Build/Products/Debug-iphonesimulator/PicStripShareExtension.swiftmodule/arm64-apple-ios-simulator.abi.json /var/folders/71/c1wqy1_x26s5tgyqvfv1mhcr0000gn/T/snapshot_derived20260506-11270-ygdy2/Build/Intermediates.noindex/PicStrip.build/Debug-iphonesimulator/PicStripShareExtension.build/Objects-normal/arm64/PicStripShareExtension.abi.json (in target 'PicStripShareExtension' from project 'PicStrip')
    cd /Users/eddie/Development/PicStrip
    builtin-copy -exclude .DS_Store -exclude CVS -exclude .svn -exclude .git -exclude .hg -resolve-src-symlinks -rename /var/folders/71/c1wqy1_x26s5tgyqvfv1mhcr0000gn/T/snapshot_derived20260506-11270-ygdy2/Build/Intermediates.noindex/PicStrip.build/Debug-iphonesimulator/PicStripShareExtension.build/Objects-normal/arm64/PicStripShareExtension.abi.json /var/folders/71/c1wqy1_x26s5tgyqvfv1mhcr0000gn/T/snapshot_derived20260506-11270-ygdy2/Build/Products/Debug-iphonesimulator/PicStripShareExtension.swiftmodule/arm64-apple-ios-simulator.abi.json

Copy /var/folders/71/c1wqy1_x26s5tgyqvfv1mhcr0000gn/T/snapshot_derived20260506-11270-ygdy2/Build/Products/Debug-iphonesimulator/PicStripShareExtension.swiftmodule/Project/arm64-apple-ios-simulator.swiftsourceinfo /var/folders/71/c1wqy1_x26s5tgyqvfv1mhcr0000gn/T/snapshot_derived20260506-11270-ygdy2/Build/Intermediates.noindex/PicStrip.build/Debug-iphonesimulator/PicStripShareExtension.build/Objects-normal/arm64/PicStripShareExtension.swiftsourceinfo (in target 'PicStripShareExtension' from project 'PicStrip')
    cd /Users/eddie/Development/PicStrip
    builtin-copy -exclude .DS_Store -exclude CVS -exclude .svn -exclude .git -exclude .hg -resolve-src-symlinks -rename /var/folders/71/c1wqy1_x26s5tgyqvfv1mhcr0000gn/T/snapshot_derived20260506-11270-ygdy2/Build/Intermediates.noindex/PicStrip.build/Debug-iphonesimulator/PicStripShareExtension.build/Objects-normal/arm64/PicStripShareExtension.swiftsourceinfo /var/folders/71/c1wqy1_x26s5tgyqvfv1mhcr0000gn/T/snapshot_derived20260506-11270-ygdy2/Build/Products/Debug-iphonesimulator/PicStripShareExtension.swiftmodule/Project/arm64-apple-ios-simulator.swiftsourceinfo

SwiftDriverJobDiscovery normal arm64 Compiling DetectionRule.swift (in target 'PicStripShareExtension' from project 'PicStrip')

SwiftDriverJobDiscovery normal arm64 Compiling DetectionModels.swift (in target 'PicStripShareExtension' from project 'PicStrip')

MkDir /var/folders/71/c1wqy1_x26s5tgyqvfv1mhcr0000gn/T/snapshot_derived20260506-11270-ygdy2/Build/Intermediates.noindex/PicStrip.build/Debug-iphonesimulator/PicStrip.build/assetcatalog_output/thinned (in target 'PicStrip' from project 'PicStrip')
    cd /Users/eddie/Development/PicStrip
    /bin/mkdir -p /var/folders/71/c1wqy1_x26s5tgyqvfv1mhcr0000gn/T/snapshot_derived20260506-11270-ygdy2/Build/Intermediates.noindex/PicStrip.build/Debug-iphonesimulator/PicStrip.build/assetcatalog_output/thinned

MkDir /var/folders/71/c1wqy1_x26s5tgyqvfv1mhcr0000gn/T/snapshot_derived20260506-11270-ygdy2/Build/Intermediates.noindex/PicStrip.build/Debug-iphonesimulator/PicStrip.build/assetcatalog_output/unthinned (in target 'PicStrip' from project 'PicStrip')
    cd /Users/eddie/Development/PicStrip
    /bin/mkdir -p /var/folders/71/c1wqy1_x26s5tgyqvfv1mhcr0000gn/T/snapshot_derived20260506-11270-ygdy2/Build/Intermediates.noindex/PicStrip.build/Debug-iphonesimulator/PicStrip.build/assetcatalog_output/unthinned

GenerateStringSymbols /var/folders/71/c1wqy1_x26s5tgyqvfv1mhcr0000gn/T/snapshot_derived20260506-11270-ygdy2/Build/Intermediates.noindex/PicStrip.build/Debug-iphonesimulator/PicStrip.build/DerivedSources/GeneratedStringSymbols_Localizable.swift /Users/eddie/Development/PicStrip/PicStrip/Localizable.xcstrings (in target 'PicStrip' from project 'PicStrip')
    cd /Users/eddie/Development/PicStrip
    /Applications/Xcode.app/Contents/Developer/usr/bin/xcstringstool generate-symbols --language swift --output-directory /var/folders/71/c1wqy1_x26s5tgyqvfv1mhcr0000gn/T/snapshot_derived20260506-11270-ygdy2/Build/Intermediates.noindex/PicStrip.build/Debug-iphonesimulator/PicStrip.build/DerivedSources /Users/eddie/Development/PicStrip/PicStrip/Localizable.xcstrings

GenerateStringSymbols /var/folders/71/c1wqy1_x26s5tgyqvfv1mhcr0000gn/T/snapshot_derived20260506-11270-ygdy2/Build/Intermediates.noindex/PicStrip.build/Debug-iphonesimulator/PicStrip.build/DerivedSources/GeneratedStringSymbols_AppShortcuts.swift /Users/eddie/Development/PicStrip/PicStrip/AppShortcuts.xcstrings (in target 'PicStrip' from project 'PicStrip')
    cd /Users/eddie/Development/PicStrip
    /Applications/Xcode.app/Contents/Developer/usr/bin/xcstringstool generate-symbols --language swift --output-directory /var/folders/71/c1wqy1_x26s5tgyqvfv1mhcr0000gn/T/snapshot_derived20260506-11270-ygdy2/Build/Intermediates.noindex/PicStrip.build/Debug-iphonesimulator/PicStrip.build/DerivedSources /Users/eddie/Development/PicStrip/PicStrip/AppShortcuts.xcstrings

GenerateAssetSymbols /Users/eddie/Development/PicStrip/PicStrip/Assets.xcassets /Users/eddie/Development/PicStrip/PicStrip/PicStrip.icon (in target 'PicStrip' from project 'PicStrip')
    cd /Users/eddie/Development/PicStrip
    /Applications/Xcode.app/Contents/Developer/usr/bin/actool /Users/eddie/Development/PicStrip/PicStrip/Assets.xcassets /Users/eddie/Development/PicStrip/PicStrip/PicStrip.icon --compile /var/folders/71/c1wqy1_x26s5tgyqvfv1mhcr0000gn/T/snapshot_derived20260506-11270-ygdy2/Build/Products/Debug-iphonesimulator/PicStrip.app --output-format human-readable-text --notices --warnings --export-dependency-info /var/folders/71/c1wqy1_x26s5tgyqvfv1mhcr0000gn/T/snapshot_derived20260506-11270-ygdy2/Build/Intermediates.noindex/PicStrip.build/Debug-iphonesimulator/PicStrip.build/assetcatalog_dependencies --output-partial-info-plist /var/folders/71/c1wqy1_x26s5tgyqvfv1mhcr0000gn/T/snapshot_derived20260506-11270-ygdy2/Build/Intermediates.noindex/PicStrip.build/Debug-iphonesimulator/PicStrip.build/assetcatalog_generated_info.plist --app-icon PicStrip --include-all-app-icons --accent-color AccentColor --compress-pngs --enable-on-demand-resources YES --development-region en --target-device iphone --target-device ipad --minimum-deployment-target 17.0 --platform iphonesimulator --bundle-identifier com.northcutt.PicStrip --generate-swift-asset-symbols /var/folders/71/c1wqy1_x26s5tgyqvfv1mhcr0000gn/T/snapshot_derived20260506-11270-ygdy2/Build/Intermediates.noindex/PicStrip.build/Debug-iphonesimulator/PicStrip.build/DerivedSources/GeneratedAssetSymbols.swift --generate-objc-asset-symbols /var/folders/71/c1wqy1_x26s5tgyqvfv1mhcr0000gn/T/snapshot_derived20260506-11270-ygdy2/Build/Intermediates.noindex/PicStrip.build/Debug-iphonesimulator/PicStrip.build/DerivedSources/GeneratedAssetSymbols.h --generate-asset-symbol-index /var/folders/71/c1wqy1_x26s5tgyqvfv1mhcr0000gn/T/snapshot_derived20260506-11270-ygdy2/Build/Intermediates.noindex/PicStrip.build/Debug-iphonesimulator/PicStrip.build/DerivedSources/GeneratedAssetSymbols-Index.plist
/* com.apple.actool.compilation-results */
/var/folders/71/c1wqy1_x26s5tgyqvfv1mhcr0000gn/T/snapshot_derived20260506-11270-ygdy2/Build/Intermediates.noindex/PicStrip.build/Debug-iphonesimulator/PicStrip.build/DerivedSources/GeneratedAssetSymbols-Index.plist
/var/folders/71/c1wqy1_x26s5tgyqvfv1mhcr0000gn/T/snapshot_derived20260506-11270-ygdy2/Build/Intermediates.noindex/PicStrip.build/Debug-iphonesimulator/PicStrip.build/DerivedSources/GeneratedAssetSymbols.h
/var/folders/71/c1wqy1_x26s5tgyqvfv1mhcr0000gn/T/snapshot_derived20260506-11270-ygdy2/Build/Intermediates.noindex/PicStrip.build/Debug-iphonesimulator/PicStrip.build/DerivedSources/GeneratedAssetSymbols.swift


CompileXCStrings /var/folders/71/c1wqy1_x26s5tgyqvfv1mhcr0000gn/T/snapshot_derived20260506-11270-ygdy2/Build/Intermediates.noindex/PicStrip.build/Debug-iphonesimulator/PicStrip.build/ /Users/eddie/Development/PicStrip/PicStrip/AppShortcuts.xcstrings (in target 'PicStrip' from project 'PicStrip')
    cd /Users/eddie/Development/PicStrip
    /Applications/Xcode.app/Contents/Developer/usr/bin/xcstringstool compile --output-directory /var/folders/71/c1wqy1_x26s5tgyqvfv1mhcr0000gn/T/snapshot_derived20260506-11270-ygdy2/Build/Intermediates.noindex/PicStrip.build/Debug-iphonesimulator/PicStrip.build /Users/eddie/Development/PicStrip/PicStrip/AppShortcuts.xcstrings

CompileAssetCatalogVariant thinned /var/folders/71/c1wqy1_x26s5tgyqvfv1mhcr0000gn/T/snapshot_derived20260506-11270-ygdy2/Build/Products/Debug-iphonesimulator/PicStrip.app /Users/eddie/Development/PicStrip/PicStrip/Assets.xcassets /Users/eddie/Development/PicStrip/PicStrip/PicStrip.icon (in target 'PicStrip' from project 'PicStrip')
    cd /Users/eddie/Development/PicStrip
    /Applications/Xcode.app/Contents/Developer/usr/bin/actool /Users/eddie/Development/PicStrip/PicStrip/Assets.xcassets /Users/eddie/Development/PicStrip/PicStrip/PicStrip.icon --compile /var/folders/71/c1wqy1_x26s5tgyqvfv1mhcr0000gn/T/snapshot_derived20260506-11270-ygdy2/Build/Intermediates.noindex/PicStrip.build/Debug-iphonesimulator/PicStrip.build/assetcatalog_output/thinned --output-format human-readable-text --notices --warnings --export-dependency-info /var/folders/71/c1wqy1_x26s5tgyqvfv1mhcr0000gn/T/snapshot_derived20260506-11270-ygdy2/Build/Intermediates.noindex/PicStrip.build/Debug-iphonesimulator/PicStrip.build/assetcatalog_dependencies_thinned --output-partial-info-plist /var/folders/71/c1wqy1_x26s5tgyqvfv1mhcr0000gn/T/snapshot_derived20260506-11270-ygdy2/Build/Intermediates.noindex/PicStrip.build/Debug-iphonesimulator/PicStrip.build/assetcatalog_generated_info.plist_thinned --app-icon PicStrip --include-all-app-icons --accent-color AccentColor --compress-pngs --enable-on-demand-resources YES --filter-for-thinning-device-configuration iPhone18,2 --filter-for-device-os-version 26.4.1 --development-region en --target-device iphone --target-device ipad --minimum-deployment-target 17.0 --platform iphonesimulator
/* com.apple.actool.compilation-results */
/var/folders/71/c1wqy1_x26s5tgyqvfv1mhcr0000gn/T/snapshot_derived20260506-11270-ygdy2/Build/Intermediates.noindex/PicStrip.build/Debug-iphonesimulator/PicStrip.build/assetcatalog_generated_info.plist_thinned
/var/folders/71/c1wqy1_x26s5tgyqvfv1mhcr0000gn/T/snapshot_derived20260506-11270-ygdy2/Build/Intermediates.noindex/PicStrip.build/Debug-iphonesimulator/PicStrip.build/assetcatalog_output/thinned/Assets.car
/var/folders/71/c1wqy1_x26s5tgyqvfv1mhcr0000gn/T/snapshot_derived20260506-11270-ygdy2/Build/Intermediates.noindex/PicStrip.build/Debug-iphonesimulator/PicStrip.build/assetcatalog_output/thinned/PicStrip60x60@2x.png
/var/folders/71/c1wqy1_x26s5tgyqvfv1mhcr0000gn/T/snapshot_derived20260506-11270-ygdy2/Build/Intermediates.noindex/PicStrip.build/Debug-iphonesimulator/PicStrip.build/assetcatalog_output/thinned/PicStrip76x76@2x~ipad.png


CopyStringsFile /var/folders/71/c1wqy1_x26s5tgyqvfv1mhcr0000gn/T/snapshot_derived20260506-11270-ygdy2/Build/Products/Debug-iphonesimulator/PicStrip.app/en.lproj/AppShortcuts.strings /var/folders/71/c1wqy1_x26s5tgyqvfv1mhcr0000gn/T/snapshot_derived20260506-11270-ygdy2/Build/Intermediates.noindex/PicStrip.build/Debug-iphonesimulator/PicStrip.build/en.lproj/AppShortcuts.strings (in target 'PicStrip' from project 'PicStrip')
    cd /Users/eddie/Development/PicStrip
    builtin-copyStrings --validate --outputencoding binary --outfilename AppShortcuts.strings --outdir /var/folders/71/c1wqy1_x26s5tgyqvfv1mhcr0000gn/T/snapshot_derived20260506-11270-ygdy2/Build/Products/Debug-iphonesimulator/PicStrip.app/en.lproj -- /var/folders/71/c1wqy1_x26s5tgyqvfv1mhcr0000gn/T/snapshot_derived20260506-11270-ygdy2/Build/Intermediates.noindex/PicStrip.build/Debug-iphonesimulator/PicStrip.build/en.lproj/AppShortcuts.strings
/var/folders/71/c1wqy1_x26s5tgyqvfv1mhcr0000gn/T/snapshot_derived20260506-11270-ygdy2/Build/Intermediates.noindex/PicStrip.build/Debug-iphonesimulator/PicStrip.build/en.lproj/AppShortcuts.strings:1:1: note: detected encoding of input file as Unicode (UTF-8) (in target 'PicStrip' from project 'PicStrip')

SwiftDriver PicStrip normal arm64 com.apple.xcode.tools.swift.compiler (in target 'PicStrip' from project 'PicStrip')
    cd /Users/eddie/Development/PicStrip
    builtin-SwiftDriver -- /Applications/Xcode.app/Contents/Developer/Toolchains/XcodeDefault.xctoolchain/usr/bin/swiftc -module-name PicStrip -Onone @/var/folders/71/c1wqy1_x26s5tgyqvfv1mhcr0000gn/T/snapshot_derived20260506-11270-ygdy2/Build/Intermediates.noindex/PicStrip.build/Debug-iphonesimulator/PicStrip.build/Objects-normal/arm64/PicStrip.SwiftFileList -DDEBUG -default-isolation\=MainActor -enable-bare-slash-regex -enable-upcoming-feature DisableOutwardActorInference -enable-upcoming-feature InferSendableFromCaptures -enable-upcoming-feature GlobalActorIsolatedTypesUsability -enable-upcoming-feature MemberImportVisibility -enable-upcoming-feature InferIsolatedConformances -enable-upcoming-feature NonisolatedNonsendingByDefault -enable-experimental-feature DebugDescriptionMacro -sdk /Applications/Xcode.app/Contents/Developer/Platforms/iPhoneSimulator.platform/Developer/SDKs/iPhoneSimulator26.4.sdk -target arm64-apple-ios17.0-simulator -g -module-cache-path /var/folders/71/c1wqy1_x26s5tgyqvfv1mhcr0000gn/T/snapshot_derived20260506-11270-ygdy2/ModuleCache.noindex -Xfrontend -serialize-debugging-options -enable-testing -index-store-path /var/folders/71/c1wqy1_x26s5tgyqvfv1mhcr0000gn/T/snapshot_derived20260506-11270-ygdy2/Index.noindex/DataStore -Xcc -D_LIBCPP_HARDENING_MODE\=_LIBCPP_HARDENING_MODE_DEBUG -swift-version 5 -I /var/folders/71/c1wqy1_x26s5tgyqvfv1mhcr0000gn/T/snapshot_derived20260506-11270-ygdy2/Build/Products/Debug-iphonesimulator -F /var/folders/71/c1wqy1_x26s5tgyqvfv1mhcr0000gn/T/snapshot_derived20260506-11270-ygdy2/Build/Products/Debug-iphonesimulator -emit-localized-strings -emit-localized-strings-path /var/folders/71/c1wqy1_x26s5tgyqvfv1mhcr0000gn/T/snapshot_derived20260506-11270-ygdy2/Build/Intermediates.noindex/PicStrip.build/Debug-iphonesimulator/PicStrip.build/Objects-normal/arm64 -c -j8 -enable-batch-mode -incremental -Xcc -ivfsstatcache -Xcc /var/folders/71/c1wqy1_x26s5tgyqvfv1mhcr0000gn/T/snapshot_derived20260506-11270-ygdy2/SDKStatCaches.noindex/iphonesimulator26.4-23E252-686eebb5dc1d8ecb277353a59184f4aa.sdkstatcache -output-file-map /var/folders/71/c1wqy1_x26s5tgyqvfv1mhcr0000gn/T/snapshot_derived20260506-11270-ygdy2/Build/Intermediates.noindex/PicStrip.build/Debug-iphonesimulator/PicStrip.build/Objects-normal/arm64/PicStrip-OutputFileMap.json -use-frontend-parseable-output -save-temps -no-color-diagnostics -explicit-module-build -module-cache-path /var/folders/71/c1wqy1_x26s5tgyqvfv1mhcr0000gn/T/snapshot_derived20260506-11270-ygdy2/Build/Intermediates.noindex/SwiftExplicitPrecompiledModules -clang-scanner-module-cache-path /var/folders/71/c1wqy1_x26s5tgyqvfv1mhcr0000gn/T/snapshot_derived20260506-11270-ygdy2/ModuleCache.noindex -sdk-module-cache-path /var/folders/71/c1wqy1_x26s5tgyqvfv1mhcr0000gn/T/snapshot_derived20260506-11270-ygdy2/ModuleCache.noindex -serialize-diagnostics -emit-dependencies -emit-module -emit-module-path /var/folders/71/c1wqy1_x26s5tgyqvfv1mhcr0000gn/T/snapshot_derived20260506-11270-ygdy2/Build/Intermediates.noindex/PicStrip.build/Debug-iphonesimulator/PicStrip.build/Objects-normal/arm64/PicStrip.swiftmodule -validate-clang-modules-once -clang-build-session-file /var/folders/71/c1wqy1_x26s5tgyqvfv1mhcr0000gn/T/snapshot_derived20260506-11270-ygdy2/ModuleCache.noindex/Session.modulevalidation -Xcc -I/var/folders/71/c1wqy1_x26s5tgyqvfv1mhcr0000gn/T/snapshot_derived20260506-11270-ygdy2/Build/Intermediates.noindex/PicStrip.build/Debug-iphonesimulator/PicStrip.build/swift-overrides.hmap -emit-const-values -Xfrontend -const-gather-protocols-file -Xfrontend /var/folders/71/c1wqy1_x26s5tgyqvfv1mhcr0000gn/T/snapshot_derived20260506-11270-ygdy2/Build/Intermediates.noindex/PicStrip.build/Debug-iphonesimulator/PicStrip.build/Objects-normal/arm64/PicStrip_const_extract_protocols.json -Xcc -iquote -Xcc /var/folders/71/c1wqy1_x26s5tgyqvfv1mhcr0000gn/T/snapshot_derived20260506-11270-ygdy2/Build/Intermediates.noindex/PicStrip.build/Debug-iphonesimulator/PicStrip.build/PicStrip-generated-files.hmap -Xcc -I/var/folders/71/c1wqy1_x26s5tgyqvfv1mhcr0000gn/T/snapshot_derived20260506-11270-ygdy2/Build/Intermediates.noindex/PicStrip.build/Debug-iphonesimulator/PicStrip.build/PicStrip-own-target-headers.hmap -Xcc -I/var/folders/71/c1wqy1_x26s5tgyqvfv1mhcr0000gn/T/snapshot_derived20260506-11270-ygdy2/Build/Intermediates.noindex/PicStrip.build/Debug-iphonesimulator/PicStrip.build/PicStrip-all-target-headers.hmap -Xcc -iquote -Xcc /var/folders/71/c1wqy1_x26s5tgyqvfv1mhcr0000gn/T/snapshot_derived20260506-11270-ygdy2/Build/Intermediates.noindex/PicStrip.build/Debug-iphonesimulator/PicStrip.build/PicStrip-project-headers.hmap -Xcc -I/var/folders/71/c1wqy1_x26s5tgyqvfv1mhcr0000gn/T/snapshot_derived20260506-11270-ygdy2/Build/Products/Debug-iphonesimulator/include -Xcc -I/var/folders/71/c1wqy1_x26s5tgyqvfv1mhcr0000gn/T/snapshot_derived20260506-11270-ygdy2/Build/Intermediates.noindex/PicStrip.build/Debug-iphonesimulator/PicStrip.build/DerivedSources-normal/arm64 -Xcc -I/var/folders/71/c1wqy1_x26s5tgyqvfv1mhcr0000gn/T/snapshot_derived20260506-11270-ygdy2/Build/Intermediates.noindex/PicStrip.build/Debug-iphonesimulator/PicStrip.build/DerivedSources/arm64 -Xcc -I/var/folders/71/c1wqy1_x26s5tgyqvfv1mhcr0000gn/T/snapshot_derived20260506-11270-ygdy2/Build/Intermediates.noindex/PicStrip.build/Debug-iphonesimulator/PicStrip.build/DerivedSources -Xcc -DDEBUG\=1 -emit-objc-header -emit-objc-header-path /var/folders/71/c1wqy1_x26s5tgyqvfv1mhcr0000gn/T/snapshot_derived20260506-11270-ygdy2/Build/Intermediates.noindex/PicStrip.build/Debug-iphonesimulator/PicStrip.build/Objects-normal/arm64/PicStrip-Swift.h -working-directory /Users/eddie/Development/PicStrip -experimental-emit-module-separately -disable-cmo

SwiftDriverJobDiscovery normal arm64 Compiling ImageRedactor.swift (in target 'PicStripShareExtension' from project 'PicStrip')

SwiftExplicitDependencyGeneratePcm arm64 /var/folders/71/c1wqy1_x26s5tgyqvfv1mhcr0000gn/T/snapshot_derived20260506-11270-ygdy2/ModuleCache.noindex/SwiftShims-DQWI4CRB097LP4NLNU25H0RNZ.pcm

SwiftExplicitDependencyGeneratePcm arm64 /var/folders/71/c1wqy1_x26s5tgyqvfv1mhcr0000gn/T/snapshot_derived20260506-11270-ygdy2/ModuleCache.noindex/ptrcheck-8FO1YUXSLCGEISFEEXGOZC86I.pcm

SwiftExplicitDependencyGeneratePcm arm64 /var/folders/71/c1wqy1_x26s5tgyqvfv1mhcr0000gn/T/snapshot_derived20260506-11270-ygdy2/ModuleCache.noindex/_Builtin_stdbool-CUNY1VPV9EMDIZLI79LGXQ6TU.pcm

SwiftExplicitDependencyGeneratePcm arm64 /var/folders/71/c1wqy1_x26s5tgyqvfv1mhcr0000gn/T/snapshot_derived20260506-11270-ygdy2/ModuleCache.noindex/ptrauth-5E3O337XOVOA3AW9DQ0HB5VCB.pcm

SwiftExplicitDependencyGeneratePcm arm64 /var/folders/71/c1wqy1_x26s5tgyqvfv1mhcr0000gn/T/snapshot_derived20260506-11270-ygdy2/ModuleCache.noindex/_AvailabilityInternal-6FDUAW6I6DO7XXR020GATUZ02.pcm

SwiftDriverJobDiscovery normal arm64 Compiling ImageProcessor.swift (in target 'PicStripShareExtension' from project 'PicStrip')

SwiftExplicitDependencyGeneratePcm arm64 /var/folders/71/c1wqy1_x26s5tgyqvfv1mhcr0000gn/T/snapshot_derived20260506-11270-ygdy2/ModuleCache.noindex/_Builtin_stddef-69WB3BX9XB702YE9XDQBMMVKN.pcm

SwiftExplicitDependencyGeneratePcm arm64 /var/folders/71/c1wqy1_x26s5tgyqvfv1mhcr0000gn/T/snapshot_derived20260506-11270-ygdy2/ModuleCache.noindex/_Builtin_float-8YHVS03GS0Q7A46JJYP3E2LDC.pcm

SwiftExplicitDependencyGeneratePcm arm64 /var/folders/71/c1wqy1_x26s5tgyqvfv1mhcr0000gn/T/snapshot_derived20260506-11270-ygdy2/ModuleCache.noindex/DeveloperToolsSupport-1DZF4N2K4WBO42VME058IM2WA.pcm

SwiftExplicitDependencyGeneratePcm arm64 /var/folders/71/c1wqy1_x26s5tgyqvfv1mhcr0000gn/T/snapshot_derived20260506-11270-ygdy2/ModuleCache.noindex/_SwiftConcurrencyShims-8OQTPFE1QIRL61IBD7LKDHW3S.pcm

SwiftExplicitDependencyGeneratePcm arm64 /var/folders/71/c1wqy1_x26s5tgyqvfv1mhcr0000gn/T/snapshot_derived20260506-11270-ygdy2/ModuleCache.noindex/_Builtin_stdarg-BSMAJY8BH6C217C8EBOH9MJXP.pcm

SwiftExplicitDependencyGeneratePcm arm64 /var/folders/71/c1wqy1_x26s5tgyqvfv1mhcr0000gn/T/snapshot_derived20260506-11270-ygdy2/ModuleCache.noindex/_DarwinFoundation1-EVBX6IX7TN0EEV4HCNSE73Z09.pcm

SwiftExplicitDependencyGeneratePcm arm64 /var/folders/71/c1wqy1_x26s5tgyqvfv1mhcr0000gn/T/snapshot_derived20260506-11270-ygdy2/ModuleCache.noindex/_DarwinFoundation2-4X27VZ3P0XMZZ37OR2DD3V855.pcm

SwiftExplicitDependencyGeneratePcm arm64 /var/folders/71/c1wqy1_x26s5tgyqvfv1mhcr0000gn/T/snapshot_derived20260506-11270-ygdy2/ModuleCache.noindex/ExtensionFoundation-84C1QGVHFWK7JLEEMZ9DSWUIK.pcm

SwiftExplicitDependencyGeneratePcm arm64 /var/folders/71/c1wqy1_x26s5tgyqvfv1mhcr0000gn/T/snapshot_derived20260506-11270-ygdy2/ModuleCache.noindex/_Builtin_limits-8JB6PNVYD9H8NE49JWGMQ2Y20.pcm

SwiftDriverJobDiscovery normal arm64 Compiling PIIScanner.swift (in target 'PicStripShareExtension' from project 'PicStrip')

SwiftDriverJobDiscovery normal arm64 Compiling ShareViewController.swift (in target 'PicStripShareExtension' from project 'PicStrip')

SwiftDriver\ Compilation PicStripShareExtension normal arm64 com.apple.xcode.tools.swift.compiler (in target 'PicStripShareExtension' from project 'PicStrip')
    cd /Users/eddie/Development/PicStrip
    builtin-Swift-Compilation -- /Applications/Xcode.app/Contents/Developer/Toolchains/XcodeDefault.xctoolchain/usr/bin/swiftc -module-name PicStripShareExtension -Onone @/var/folders/71/c1wqy1_x26s5tgyqvfv1mhcr0000gn/T/snapshot_derived20260506-11270-ygdy2/Build/Intermediates.noindex/PicStrip.build/Debug-iphonesimulator/PicStripShareExtension.build/Objects-normal/arm64/PicStripShareExtension.SwiftFileList -DDEBUG -enable-bare-slash-regex -enable-experimental-feature DebugDescriptionMacro -sdk /Applications/Xcode.app/Contents/Developer/Platforms/iPhoneSimulator.platform/Developer/SDKs/iPhoneSimulator26.4.sdk -target arm64-apple-ios17.0-simulator -g -module-cache-path /var/folders/71/c1wqy1_x26s5tgyqvfv1mhcr0000gn/T/snapshot_derived20260506-11270-ygdy2/ModuleCache.noindex -Xfrontend -serialize-debugging-options -application-extension -enable-testing -index-store-path /var/folders/71/c1wqy1_x26s5tgyqvfv1mhcr0000gn/T/snapshot_derived20260506-11270-ygdy2/Index.noindex/DataStore -Xcc -D_LIBCPP_HARDENING_MODE\=_LIBCPP_HARDENING_MODE_DEBUG -swift-version 5 -I /var/folders/71/c1wqy1_x26s5tgyqvfv1mhcr0000gn/T/snapshot_derived20260506-11270-ygdy2/Build/Products/Debug-iphonesimulator -F /var/folders/71/c1wqy1_x26s5tgyqvfv1mhcr0000gn/T/snapshot_derived20260506-11270-ygdy2/Build/Products/Debug-iphonesimulator -c -j8 -enable-batch-mode -incremental -Xcc -ivfsstatcache -Xcc /var/folders/71/c1wqy1_x26s5tgyqvfv1mhcr0000gn/T/snapshot_derived20260506-11270-ygdy2/SDKStatCaches.noindex/iphonesimulator26.4-23E252-686eebb5dc1d8ecb277353a59184f4aa.sdkstatcache -output-file-map /var/folders/71/c1wqy1_x26s5tgyqvfv1mhcr0000gn/T/snapshot_derived20260506-11270-ygdy2/Build/Intermediates.noindex/PicStrip.build/Debug-iphonesimulator/PicStripShareExtension.build/Objects-normal/arm64/PicStripShareExtension-OutputFileMap.json -use-frontend-parseable-output -save-temps -no-color-diagnostics -explicit-module-build -module-cache-path /var/folders/71/c1wqy1_x26s5tgyqvfv1mhcr0000gn/T/snapshot_derived20260506-11270-ygdy2/Build/Intermediates.noindex/SwiftExplicitPrecompiledModules -clang-scanner-module-cache-path /var/folders/71/c1wqy1_x26s5tgyqvfv1mhcr0000gn/T/snapshot_derived20260506-11270-ygdy2/ModuleCache.noindex -sdk-module-cache-path /var/folders/71/c1wqy1_x26s5tgyqvfv1mhcr0000gn/T/snapshot_derived20260506-11270-ygdy2/ModuleCache.noindex -serialize-diagnostics -emit-dependencies -emit-module -emit-module-path /var/folders/71/c1wqy1_x26s5tgyqvfv1mhcr0000gn/T/snapshot_derived20260506-11270-ygdy2/Build/Intermediates.noindex/PicStrip.build/Debug-iphonesimulator/PicStripShareExtension.build/Objects-normal/arm64/PicStripShareExtension.swiftmodule -validate-clang-modules-once -clang-build-session-file /var/folders/71/c1wqy1_x26s5tgyqvfv1mhcr0000gn/T/snapshot_derived20260506-11270-ygdy2/ModuleCache.noindex/Session.modulevalidation -Xcc -I/var/folders/71/c1wqy1_x26s5tgyqvfv1mhcr0000gn/T/snapshot_derived20260506-11270-ygdy2/Build/Intermediates.noindex/PicStrip.build/Debug-iphonesimulator/PicStripShareExtension.build/swift-overrides.hmap -emit-const-values -Xfrontend -const-gather-protocols-file -Xfrontend /var/folders/71/c1wqy1_x26s5tgyqvfv1mhcr0000gn/T/snapshot_derived20260506-11270-ygdy2/Build/Intermediates.noindex/PicStrip.build/Debug-iphonesimulator/PicStripShareExtension.build/Objects-normal/arm64/PicStripShareExtension_const_extract_protocols.json -Xcc -iquote -Xcc /var/folders/71/c1wqy1_x26s5tgyqvfv1mhcr0000gn/T/snapshot_derived20260506-11270-ygdy2/Build/Intermediates.noindex/PicStrip.build/Debug-iphonesimulator/PicStripShareExtension.build/PicStripShareExtension-generated-files.hmap -Xcc -I/var/folders/71/c1wqy1_x26s5tgyqvfv1mhcr0000gn/T/snapshot_derived20260506-11270-ygdy2/Build/Intermediates.noindex/PicStrip.build/Debug-iphonesimulator/PicStripShareExtension.build/PicStripShareExtension-own-target-headers.hmap -Xcc -I/var/folders/71/c1wqy1_x26s5tgyqvfv1mhcr0000gn/T/snapshot_derived20260506-11270-ygdy2/Build/Intermediates.noindex/PicStrip.build/Debug-iphonesimulator/PicStripShareExtension.build/PicStripShareExtension-all-target-headers.hmap -Xcc -iquote -Xcc /var/folders/71/c1wqy1_x26s5tgyqvfv1mhcr0000gn/T/snapshot_derived20260506-11270-ygdy2/Build/Intermediates.noindex/PicStrip.build/Debug-iphonesimulator/PicStripShareExtension.build/PicStripShareExtension-project-headers.hmap -Xcc -I/var/folders/71/c1wqy1_x26s5tgyqvfv1mhcr0000gn/T/snapshot_derived20260506-11270-ygdy2/Build/Products/Debug-iphonesimulator/include -Xcc -I/var/folders/71/c1wqy1_x26s5tgyqvfv1mhcr0000gn/T/snapshot_derived20260506-11270-ygdy2/Build/Intermediates.noindex/PicStrip.build/Debug-iphonesimulator/PicStripShareExtension.build/DerivedSources-normal/arm64 -Xcc -I/var/folders/71/c1wqy1_x26s5tgyqvfv1mhcr0000gn/T/snapshot_derived20260506-11270-ygdy2/Build/Intermediates.noindex/PicStrip.build/Debug-iphonesimulator/PicStripShareExtension.build/DerivedSources/arm64 -Xcc -I/var/folders/71/c1wqy1_x26s5tgyqvfv1mhcr0000gn/T/snapshot_derived20260506-11270-ygdy2/Build/Intermediates.noindex/PicStrip.build/Debug-iphonesimulator/PicStripShareExtension.build/DerivedSources -Xcc -DDEBUG\=1 -emit-objc-header -emit-objc-header-path /var/folders/71/c1wqy1_x26s5tgyqvfv1mhcr0000gn/T/snapshot_derived20260506-11270-ygdy2/Build/Intermediates.noindex/PicStrip.build/Debug-iphonesimulator/PicStripShareExtension.build/Objects-normal/arm64/PicStripShareExtension-Swift.h -working-directory /Users/eddie/Development/PicStrip -experimental-emit-module-separately -disable-cmo

Ld /var/folders/71/c1wqy1_x26s5tgyqvfv1mhcr0000gn/T/snapshot_derived20260506-11270-ygdy2/Build/Products/Debug-iphonesimulator/PicStripShareExtension.appex/PicStripShareExtension.debug.dylib normal (in target 'PicStripShareExtension' from project 'PicStrip')
    cd /Users/eddie/Development/PicStrip
    /Applications/Xcode.app/Contents/Developer/Toolchains/XcodeDefault.xctoolchain/usr/bin/clang -Xlinker -reproducible -target arm64-apple-ios17.0-simulator -dynamiclib -isysroot /Applications/Xcode.app/Contents/Developer/Platforms/iPhoneSimulator.platform/Developer/SDKs/iPhoneSimulator26.4.sdk -O0 -L/var/folders/71/c1wqy1_x26s5tgyqvfv1mhcr0000gn/T/snapshot_derived20260506-11270-ygdy2/Build/Intermediates.noindex/EagerLinkingTBDs/Debug-iphonesimulator -L/var/folders/71/c1wqy1_x26s5tgyqvfv1mhcr0000gn/T/snapshot_derived20260506-11270-ygdy2/Build/Products/Debug-iphonesimulator -F/var/folders/71/c1wqy1_x26s5tgyqvfv1mhcr0000gn/T/snapshot_derived20260506-11270-ygdy2/Build/Intermediates.noindex/EagerLinkingTBDs/Debug-iphonesimulator -F/var/folders/71/c1wqy1_x26s5tgyqvfv1mhcr0000gn/T/snapshot_derived20260506-11270-ygdy2/Build/Products/Debug-iphonesimulator -filelist /var/folders/71/c1wqy1_x26s5tgyqvfv1mhcr0000gn/T/snapshot_derived20260506-11270-ygdy2/Build/Intermediates.noindex/PicStrip.build/Debug-iphonesimulator/PicStripShareExtension.build/Objects-normal/arm64/PicStripShareExtension.LinkFileList -install_name @rpath/PicStripShareExtension.debug.dylib -Xlinker -rpath -Xlinker /usr/lib/swift -Xlinker -dead_strip -Xlinker -object_path_lto -Xlinker /var/folders/71/c1wqy1_x26s5tgyqvfv1mhcr0000gn/T/snapshot_derived20260506-11270-ygdy2/Build/Intermediates.noindex/PicStrip.build/Debug-iphonesimulator/PicStripShareExtension.build/Objects-normal/arm64/PicStripShareExtension_lto.o -rdynamic -Xlinker -no_deduplicate -Xlinker -objc_abi_version -Xlinker 2 -Xlinker -dependency_info -Xlinker /var/folders/71/c1wqy1_x26s5tgyqvfv1mhcr0000gn/T/snapshot_derived20260506-11270-ygdy2/Build/Intermediates.noindex/PicStrip.build/Debug-iphonesimulator/PicStripShareExtension.build/Objects-normal/arm64/PicStripShareExtension_dependency_info.dat -fapplication-extension -fobjc-link-runtime -L/Applications/Xcode.app/Contents/Developer/Toolchains/XcodeDefault.xctoolchain/usr/lib/swift/iphonesimulator -L/usr/lib/swift -Xlinker -add_ast_path -Xlinker /var/folders/71/c1wqy1_x26s5tgyqvfv1mhcr0000gn/T/snapshot_derived20260506-11270-ygdy2/Build/Intermediates.noindex/PicStrip.build/Debug-iphonesimulator/PicStripShareExtension.build/Objects-normal/arm64/PicStripShareExtension.swiftmodule @/var/folders/71/c1wqy1_x26s5tgyqvfv1mhcr0000gn/T/snapshot_derived20260506-11270-ygdy2/Build/Intermediates.noindex/PicStrip.build/Debug-iphonesimulator/PicStripShareExtension.build/Objects-normal/arm64/PicStripShareExtension-linker-args.resp -Xlinker -alias -Xlinker _NSExtensionMain -Xlinker ___debug_main_executable_dylib_entry_point -framework Foundation -framework Photos -framework PhotosUI -o /var/folders/71/c1wqy1_x26s5tgyqvfv1mhcr0000gn/T/snapshot_derived20260506-11270-ygdy2/Build/Products/Debug-iphonesimulator/PicStripShareExtension.appex/PicStripShareExtension.debug.dylib

SwiftExplicitDependencyGeneratePcm arm64 /var/folders/71/c1wqy1_x26s5tgyqvfv1mhcr0000gn/T/snapshot_derived20260506-11270-ygdy2/ModuleCache.noindex/_Builtin_stdint-85NR15GXS83G84LEWCFM3W59.pcm

SwiftExplicitDependencyGeneratePcm arm64 /var/folders/71/c1wqy1_x26s5tgyqvfv1mhcr0000gn/T/snapshot_derived20260506-11270-ygdy2/ModuleCache.noindex/_Builtin_tgmath-21KVKK18OO58DBV1NEU6EMKO8.pcm

SwiftExplicitDependencyGeneratePcm arm64 /var/folders/71/c1wqy1_x26s5tgyqvfv1mhcr0000gn/T/snapshot_derived20260506-11270-ygdy2/ModuleCache.noindex/sys_types-C7XLSOD5TN5S2KCVDZ2YFWLHJ.pcm

SwiftExplicitDependencyGeneratePcm arm64 /var/folders/71/c1wqy1_x26s5tgyqvfv1mhcr0000gn/T/snapshot_derived20260506-11270-ygdy2/ModuleCache.noindex/_Builtin_stdatomic-448T691VARIKTGRGUP3HXFQ5P.pcm

SwiftExplicitDependencyGeneratePcm arm64 /var/folders/71/c1wqy1_x26s5tgyqvfv1mhcr0000gn/T/snapshot_derived20260506-11270-ygdy2/ModuleCache.noindex/_DarwinFoundation3-9W4FNM340BQRHXO6ALL3B58BL.pcm

SwiftExplicitDependencyGeneratePcm arm64 /var/folders/71/c1wqy1_x26s5tgyqvfv1mhcr0000gn/T/snapshot_derived20260506-11270-ygdy2/ModuleCache.noindex/_Builtin_intrinsics-SA0R2LYRWZ9SB51J63VO2HLJ.pcm

SwiftExplicitDependencyGeneratePcm arm64 /var/folders/71/c1wqy1_x26s5tgyqvfv1mhcr0000gn/T/snapshot_derived20260506-11270-ygdy2/ModuleCache.noindex/_Builtin_inttypes-96CNEZNC743RGU0TWHKLOAQ32.pcm

SwiftExplicitDependencyGeneratePcm arm64 /var/folders/71/c1wqy1_x26s5tgyqvfv1mhcr0000gn/T/snapshot_derived20260506-11270-ygdy2/ModuleCache.noindex/simd-4IFIX39ZGGZEH0A4QDDNZ50L0.pcm

SwiftExplicitDependencyGeneratePcm arm64 /var/folders/71/c1wqy1_x26s5tgyqvfv1mhcr0000gn/T/snapshot_derived20260506-11270-ygdy2/ModuleCache.noindex/Darwin-2X4CRQVZ7YTKY0O18UIQGAOG3.pcm

ConstructStubExecutorLinkFileList /var/folders/71/c1wqy1_x26s5tgyqvfv1mhcr0000gn/T/snapshot_derived20260506-11270-ygdy2/Build/Intermediates.noindex/PicStrip.build/Debug-iphonesimulator/PicStripShareExtension.build/PicStripShareExtension-ExecutorLinkFileList-normal-arm64.txt (in target 'PicStripShareExtension' from project 'PicStrip')
    cd /Users/eddie/Development/PicStrip
    construct-stub-executor-link-file-list /var/folders/71/c1wqy1_x26s5tgyqvfv1mhcr0000gn/T/snapshot_derived20260506-11270-ygdy2/Build/Products/Debug-iphonesimulator/PicStripShareExtension.appex/PicStripShareExtension.debug.dylib /Applications/Xcode.app/Contents/Developer/Platforms/iPhoneSimulator.platform/Developer/usr/lib/libPreviewsJITStubExecutor_no_swift_entry_point.a /Applications/Xcode.app/Contents/Developer/Platforms/iPhoneSimulator.platform/Developer/usr/lib/libPreviewsJITStubExecutor.a --output /var/folders/71/c1wqy1_x26s5tgyqvfv1mhcr0000gn/T/snapshot_derived20260506-11270-ygdy2/Build/Intermediates.noindex/PicStrip.build/Debug-iphonesimulator/PicStripShareExtension.build/PicStripShareExtension-ExecutorLinkFileList-normal-arm64.txt
note: Using stub executor library without Swift entry point. (in target 'PicStripShareExtension' from project 'PicStrip')

Ld /var/folders/71/c1wqy1_x26s5tgyqvfv1mhcr0000gn/T/snapshot_derived20260506-11270-ygdy2/Build/Products/Debug-iphonesimulator/PicStripShareExtension.appex/PicStripShareExtension normal (in target 'PicStripShareExtension' from project 'PicStrip')
    cd /Users/eddie/Development/PicStrip
    /Applications/Xcode.app/Contents/Developer/Toolchains/XcodeDefault.xctoolchain/usr/bin/clang -Xlinker -reproducible -target arm64-apple-ios17.0-simulator -isysroot /Applications/Xcode.app/Contents/Developer/Platforms/iPhoneSimulator.platform/Developer/SDKs/iPhoneSimulator26.4.sdk -O0 -L/var/folders/71/c1wqy1_x26s5tgyqvfv1mhcr0000gn/T/snapshot_derived20260506-11270-ygdy2/Build/Products/Debug-iphonesimulator -F/var/folders/71/c1wqy1_x26s5tgyqvfv1mhcr0000gn/T/snapshot_derived20260506-11270-ygdy2/Build/Products/Debug-iphonesimulator -Xlinker -rpath -Xlinker @executable_path -rdynamic -Xlinker -no_deduplicate -Xlinker -objc_abi_version -Xlinker 2 -e ___debug_blank_executor_main -Xlinker -sectcreate -Xlinker __TEXT -Xlinker __debug_dylib -Xlinker /var/folders/71/c1wqy1_x26s5tgyqvfv1mhcr0000gn/T/snapshot_derived20260506-11270-ygdy2/Build/Intermediates.noindex/PicStrip.build/Debug-iphonesimulator/PicStripShareExtension.build/PicStripShareExtension-DebugDylibPath-normal-arm64.txt -Xlinker -sectcreate -Xlinker __TEXT -Xlinker __debug_entry -Xlinker /var/folders/71/c1wqy1_x26s5tgyqvfv1mhcr0000gn/T/snapshot_derived20260506-11270-ygdy2/Build/Intermediates.noindex/PicStrip.build/Debug-iphonesimulator/PicStripShareExtension.build/PicStripShareExtension-DebugEntryPoint-normal-arm64.txt -Xlinker -sectcreate -Xlinker __TEXT -Xlinker __debug_instlnm -Xlinker /var/folders/71/c1wqy1_x26s5tgyqvfv1mhcr0000gn/T/snapshot_derived20260506-11270-ygdy2/Build/Intermediates.noindex/PicStrip.build/Debug-iphonesimulator/PicStripShareExtension.build/PicStripShareExtension-DebugDylibInstallName-normal-arm64.txt -Xlinker -filelist -Xlinker /var/folders/71/c1wqy1_x26s5tgyqvfv1mhcr0000gn/T/snapshot_derived20260506-11270-ygdy2/Build/Intermediates.noindex/PicStrip.build/Debug-iphonesimulator/PicStripShareExtension.build/PicStripShareExtension-ExecutorLinkFileList-normal-arm64.txt /var/folders/71/c1wqy1_x26s5tgyqvfv1mhcr0000gn/T/snapshot_derived20260506-11270-ygdy2/Build/Products/Debug-iphonesimulator/PicStripShareExtension.appex/PicStripShareExtension.debug.dylib -o /var/folders/71/c1wqy1_x26s5tgyqvfv1mhcr0000gn/T/snapshot_derived20260506-11270-ygdy2/Build/Products/Debug-iphonesimulator/PicStripShareExtension.appex/PicStripShareExtension

ExtractAppIntentsMetadata (in target 'PicStripShareExtension' from project 'PicStrip')
    cd /Users/eddie/Development/PicStrip
    /Applications/Xcode.app/Contents/Developer/Toolchains/XcodeDefault.xctoolchain/usr/bin/appintentsmetadataprocessor --toolchain-dir /Applications/Xcode.app/Contents/Developer/Toolchains/XcodeDefault.xctoolchain --module-name PicStripShareExtension --sdk-root /Applications/Xcode.app/Contents/Developer/Platforms/iPhoneSimulator.platform/Developer/SDKs/iPhoneSimulator26.4.sdk --xcode-version 17E202 --platform-family iOS --deployment-target 17.0 --bundle-identifier com.northcutt.PicStrip.ShareExtension --output /var/folders/71/c1wqy1_x26s5tgyqvfv1mhcr0000gn/T/snapshot_derived20260506-11270-ygdy2/Build/Products/Debug-iphonesimulator/PicStripShareExtension.appex --target-triple arm64-apple-ios17.0-simulator --binary-file /var/folders/71/c1wqy1_x26s5tgyqvfv1mhcr0000gn/T/snapshot_derived20260506-11270-ygdy2/Build/Products/Debug-iphonesimulator/PicStripShareExtension.appex/PicStripShareExtension --dependency-file /var/folders/71/c1wqy1_x26s5tgyqvfv1mhcr0000gn/T/snapshot_derived20260506-11270-ygdy2/Build/Intermediates.noindex/PicStrip.build/Debug-iphonesimulator/PicStripShareExtension.build/Objects-normal/arm64/PicStripShareExtension_dependency_info.dat --stringsdata-file /var/folders/71/c1wqy1_x26s5tgyqvfv1mhcr0000gn/T/snapshot_derived20260506-11270-ygdy2/Build/Intermediates.noindex/PicStrip.build/Debug-iphonesimulator/PicStripShareExtension.build/Objects-normal/arm64/ExtractedAppShortcutsMetadata.stringsdata --source-file-list /var/folders/71/c1wqy1_x26s5tgyqvfv1mhcr0000gn/T/snapshot_derived20260506-11270-ygdy2/Build/Intermediates.noindex/PicStrip.build/Debug-iphonesimulator/PicStripShareExtension.build/Objects-normal/arm64/PicStripShareExtension.SwiftFileList --metadata-file-list /var/folders/71/c1wqy1_x26s5tgyqvfv1mhcr0000gn/T/snapshot_derived20260506-11270-ygdy2/Build/Intermediates.noindex/PicStrip.build/Debug-iphonesimulator/PicStripShareExtension.build/PicStripShareExtension.DependencyMetadataFileList --static-metadata-file-list /var/folders/71/c1wqy1_x26s5tgyqvfv1mhcr0000gn/T/snapshot_derived20260506-11270-ygdy2/Build/Intermediates.noindex/PicStrip.build/Debug-iphonesimulator/PicStripShareExtension.build/PicStripShareExtension.DependencyStaticMetadataFileList --swift-const-vals-list /var/folders/71/c1wqy1_x26s5tgyqvfv1mhcr0000gn/T/snapshot_derived20260506-11270-ygdy2/Build/Intermediates.noindex/PicStrip.build/Debug-iphonesimulator/PicStripShareExtension.build/Objects-normal/arm64/PicStripShareExtension.SwiftConstValuesFileList --compile-time-extraction --deployment-aware-processing --validate-assistant-intents --no-app-shortcuts-localization
2026-05-06 19:34:55.403 appintentsmetadataprocessor[11715:4276613] Starting appintentsmetadataprocessor export
2026-05-06 19:34:55.425 appintentsmetadataprocessor[11715:4276613] warning: Metadata extraction skipped. No AppIntents.framework dependency found.

AppIntentsSSUTraining (in target 'PicStripShareExtension' from project 'PicStrip')
    cd /Users/eddie/Development/PicStrip
    /Applications/Xcode.app/Contents/Developer/Toolchains/XcodeDefault.xctoolchain/usr/bin/appintentsnltrainingprocessor --infoplist-path /var/folders/71/c1wqy1_x26s5tgyqvfv1mhcr0000gn/T/snapshot_derived20260506-11270-ygdy2/Build/Products/Debug-iphonesimulator/PicStripShareExtension.appex/Info.plist --temp-dir-path /var/folders/71/c1wqy1_x26s5tgyqvfv1mhcr0000gn/T/snapshot_derived20260506-11270-ygdy2/Build/Intermediates.noindex/PicStrip.build/Debug-iphonesimulator/PicStripShareExtension.build/ssu --bundle-id com.northcutt.PicStrip.ShareExtension --product-path /var/folders/71/c1wqy1_x26s5tgyqvfv1mhcr0000gn/T/snapshot_derived20260506-11270-ygdy2/Build/Products/Debug-iphonesimulator/PicStripShareExtension.appex --extracted-metadata-path /var/folders/71/c1wqy1_x26s5tgyqvfv1mhcr0000gn/T/snapshot_derived20260506-11270-ygdy2/Build/Products/Debug-iphonesimulator/PicStripShareExtension.appex/Metadata.appintents --metadata-file-list /var/folders/71/c1wqy1_x26s5tgyqvfv1mhcr0000gn/T/snapshot_derived20260506-11270-ygdy2/Build/Intermediates.noindex/PicStrip.build/Debug-iphonesimulator/PicStripShareExtension.build/PicStripShareExtension.DependencyMetadataFileList --source-file /var/folders/71/c1wqy1_x26s5tgyqvfv1mhcr0000gn/T/snapshot_derived20260506-11270-ygdy2/Build/Products/Debug-iphonesimulator/PicStripShareExtension.appex/Info.plist --archive-ssu-assets
2026-05-06 19:34:55.563 appintentsnltrainingprocessor[11718:4276653] Parsing options for appintentsnltrainingprocessor
2026-05-06 19:34:55.564 appintentsnltrainingprocessor[11718:4276653] Starting AppIntents SSU YAML Generation
2026-05-06 19:34:55.566 appintentsnltrainingprocessor[11718:4276653] No AppShortcuts found - Skipping.

SwiftExplicitDependencyGeneratePcm arm64 /var/folders/71/c1wqy1_x26s5tgyqvfv1mhcr0000gn/T/snapshot_derived20260506-11270-ygdy2/ModuleCache.noindex/Spatial-QH7MOBBKUWGY0DGL4YUD0O5Z.pcm

SwiftExplicitDependencyGeneratePcm arm64 /var/folders/71/c1wqy1_x26s5tgyqvfv1mhcr0000gn/T/snapshot_derived20260506-11270-ygdy2/ModuleCache.noindex/MachO-BI0A9MPZ1EC0TX4PX085MDG96.pcm

SwiftExplicitDependencyGeneratePcm arm64 /var/folders/71/c1wqy1_x26s5tgyqvfv1mhcr0000gn/T/snapshot_derived20260506-11270-ygdy2/ModuleCache.noindex/ObjectiveC-BORVLPYXBO7PG18W570DXNNYO.pcm

RegisterExecutionPolicyException /var/folders/71/c1wqy1_x26s5tgyqvfv1mhcr0000gn/T/snapshot_derived20260506-11270-ygdy2/Build/Products/Debug-iphonesimulator/PicStripShareExtension.appex (in target 'PicStripShareExtension' from project 'PicStrip')
    cd /Users/eddie/Development/PicStrip
    builtin-RegisterExecutionPolicyException /var/folders/71/c1wqy1_x26s5tgyqvfv1mhcr0000gn/T/snapshot_derived20260506-11270-ygdy2/Build/Products/Debug-iphonesimulator/PicStripShareExtension.appex

Touch /var/folders/71/c1wqy1_x26s5tgyqvfv1mhcr0000gn/T/snapshot_derived20260506-11270-ygdy2/Build/Products/Debug-iphonesimulator/PicStripShareExtension.appex (in target 'PicStripShareExtension' from project 'PicStrip')
    cd /Users/eddie/Development/PicStrip
    /usr/bin/touch -c /var/folders/71/c1wqy1_x26s5tgyqvfv1mhcr0000gn/T/snapshot_derived20260506-11270-ygdy2/Build/Products/Debug-iphonesimulator/PicStripShareExtension.appex

Ld /var/folders/71/c1wqy1_x26s5tgyqvfv1mhcr0000gn/T/snapshot_derived20260506-11270-ygdy2/Build/Products/Debug-iphonesimulator/PicStrip.app/__preview.dylib normal (in target 'PicStrip' from project 'PicStrip')
    cd /Users/eddie/Development/PicStrip
    /Applications/Xcode.app/Contents/Developer/Toolchains/XcodeDefault.xctoolchain/usr/bin/clang -Xlinker -reproducible -target arm64-apple-ios17.0-simulator -dynamiclib -isysroot /Applications/Xcode.app/Contents/Developer/Platforms/iPhoneSimulator.platform/Developer/SDKs/iPhoneSimulator26.4.sdk -O0 -L/var/folders/71/c1wqy1_x26s5tgyqvfv1mhcr0000gn/T/snapshot_derived20260506-11270-ygdy2/Build/Products/Debug-iphonesimulator -F/var/folders/71/c1wqy1_x26s5tgyqvfv1mhcr0000gn/T/snapshot_derived20260506-11270-ygdy2/Build/Products/Debug-iphonesimulator -install_name @rpath/PicStrip.debug.dylib -Xlinker -dead_strip -rdynamic -Xlinker -no_deduplicate -Xlinker -objc_abi_version -Xlinker 2 -Xlinker -dependency_info -Xlinker /var/folders/71/c1wqy1_x26s5tgyqvfv1mhcr0000gn/T/snapshot_derived20260506-11270-ygdy2/Build/Intermediates.noindex/PicStrip.build/Debug-iphonesimulator/PicStrip.build/Objects-normal/arm64/PicStrip_dependency_info.dat -o /var/folders/71/c1wqy1_x26s5tgyqvfv1mhcr0000gn/T/snapshot_derived20260506-11270-ygdy2/Build/Products/Debug-iphonesimulator/PicStrip.app/__preview.dylib

CpResource /var/folders/71/c1wqy1_x26s5tgyqvfv1mhcr0000gn/T/snapshot_derived20260506-11270-ygdy2/Build/Products/Debug-iphonesimulator/PicStrip.app/PrivacyInfo.xcprivacy /Users/eddie/Development/PicStrip/PicStrip/PrivacyInfo.xcprivacy (in target 'PicStrip' from project 'PicStrip')
    cd /Users/eddie/Development/PicStrip
    builtin-copy -exclude .DS_Store -exclude CVS -exclude .svn -exclude .git -exclude .hg -resolve-src-symlinks /Users/eddie/Development/PicStrip/PicStrip/PrivacyInfo.xcprivacy /var/folders/71/c1wqy1_x26s5tgyqvfv1mhcr0000gn/T/snapshot_derived20260506-11270-ygdy2/Build/Products/Debug-iphonesimulator/PicStrip.app

SwiftExplicitDependencyGeneratePcm arm64 /var/folders/71/c1wqy1_x26s5tgyqvfv1mhcr0000gn/T/snapshot_derived20260506-11270-ygdy2/ModuleCache.noindex/os_object-8WVQX8MZTDKMK3XCJF255NXA1.pcm

SwiftExplicitDependencyGeneratePcm arm64 /var/folders/71/c1wqy1_x26s5tgyqvfv1mhcr0000gn/T/snapshot_derived20260506-11270-ygdy2/ModuleCache.noindex/os_workgroup-90U40LY3GUYM1OMVLP7HI1T07.pcm

SwiftExplicitDependencyGeneratePcm arm64 /var/folders/71/c1wqy1_x26s5tgyqvfv1mhcr0000gn/T/snapshot_derived20260506-11270-ygdy2/ModuleCache.noindex/Dispatch-EXNX7MR9IBUCRUFKRHSVCAQXH.pcm

SwiftExplicitDependencyGeneratePcm arm64 /var/folders/71/c1wqy1_x26s5tgyqvfv1mhcr0000gn/T/snapshot_derived20260506-11270-ygdy2/ModuleCache.noindex/XPC-8L10TV6DOB432RB01PBILCGZI.pcm

SwiftExplicitDependencyGeneratePcm arm64 /var/folders/71/c1wqy1_x26s5tgyqvfv1mhcr0000gn/T/snapshot_derived20260506-11270-ygdy2/ModuleCache.noindex/CoreFoundation-D7UWG8ZQ4H3VBCIR8LX3UEXGZ.pcm

SwiftExplicitDependencyGeneratePcm arm64 /var/folders/71/c1wqy1_x26s5tgyqvfv1mhcr0000gn/T/snapshot_derived20260506-11270-ygdy2/ModuleCache.noindex/dnssd-F29U4DXESY2LIS1ZEZQ7472PP.pcm

SwiftExplicitDependencyGeneratePcm arm64 /var/folders/71/c1wqy1_x26s5tgyqvfv1mhcr0000gn/T/snapshot_derived20260506-11270-ygdy2/ModuleCache.noindex/os-6NQ4BSNZFTCOKLBYQRUB5RK.pcm

SwiftExplicitDependencyGeneratePcm arm64 /var/folders/71/c1wqy1_x26s5tgyqvfv1mhcr0000gn/T/snapshot_derived20260506-11270-ygdy2/ModuleCache.noindex/Security-22YMG06S9I79RBZ7JJTQVF9A3.pcm

SwiftExplicitDependencyGeneratePcm arm64 /var/folders/71/c1wqy1_x26s5tgyqvfv1mhcr0000gn/T/snapshot_derived20260506-11270-ygdy2/ModuleCache.noindex/CFNetwork-EP4V9L09EW0MS2930K89OY5ZO.pcm

SwiftExplicitDependencyGeneratePcm arm64 /var/folders/71/c1wqy1_x26s5tgyqvfv1mhcr0000gn/T/snapshot_derived20260506-11270-ygdy2/ModuleCache.noindex/CoreGraphics-6FO4DN84A3J1CPWASMM346JZ8.pcm

SwiftExplicitDependencyGeneratePcm arm64 /var/folders/71/c1wqy1_x26s5tgyqvfv1mhcr0000gn/T/snapshot_derived20260506-11270-ygdy2/ModuleCache.noindex/CoreAudioTypes-6IPXCLA4EKVH81W5ZED3I6BLP.pcm

SwiftExplicitDependencyGeneratePcm arm64 /var/folders/71/c1wqy1_x26s5tgyqvfv1mhcr0000gn/T/snapshot_derived20260506-11270-ygdy2/ModuleCache.noindex/CoreAudio-9BT9IWYN8V40OC8NA6HLRTVHW.pcm

SwiftExplicitDependencyGeneratePcm arm64 /var/folders/71/c1wqy1_x26s5tgyqvfv1mhcr0000gn/T/snapshot_derived20260506-11270-ygdy2/ModuleCache.noindex/ImageIO-7IAW1A48K2NUWBP2DYR0O4C4F.pcm

SwiftExplicitDependencyGeneratePcm arm64 /var/folders/71/c1wqy1_x26s5tgyqvfv1mhcr0000gn/T/snapshot_derived20260506-11270-ygdy2/ModuleCache.noindex/CoreText-CV36H4FPE3LZI5JS4EBYGB8UO.pcm

SwiftExplicitDependencyGeneratePcm arm64 /var/folders/71/c1wqy1_x26s5tgyqvfv1mhcr0000gn/T/snapshot_derived20260506-11270-ygdy2/ModuleCache.noindex/Foundation-5GBGWGFHZ5O6HE13MO2MDXTGE.pcm

SwiftExplicitDependencyGeneratePcm arm64 /var/folders/71/c1wqy1_x26s5tgyqvfv1mhcr0000gn/T/snapshot_derived20260506-11270-ygdy2/ModuleCache.noindex/DataDetection-4RPWA75WX7VLJO1ZJX8Y3HB2S.pcm

SwiftExplicitDependencyGeneratePcm arm64 /var/folders/71/c1wqy1_x26s5tgyqvfv1mhcr0000gn/T/snapshot_derived20260506-11270-ygdy2/ModuleCache.noindex/OpenGLES-8JL75WKFGU3W10Q6MA8SNDLF8.pcm

SwiftExplicitDependencyGeneratePcm arm64 /var/folders/71/c1wqy1_x26s5tgyqvfv1mhcr0000gn/T/snapshot_derived20260506-11270-ygdy2/ModuleCache.noindex/CoreMIDI-BHFG9NH6UKOK7F7FOJP42RQ05.pcm

SwiftExplicitDependencyGeneratePcm arm64 /var/folders/71/c1wqy1_x26s5tgyqvfv1mhcr0000gn/T/snapshot_derived20260506-11270-ygdy2/ModuleCache.noindex/Accessibility-DMYTSA4KW5AYVUG8XBZBL5WYU.pcm

SwiftExplicitDependencyGeneratePcm arm64 /var/folders/71/c1wqy1_x26s5tgyqvfv1mhcr0000gn/T/snapshot_derived20260506-11270-ygdy2/ModuleCache.noindex/OSLog-3796WZ5E8X99M3E8W63M14A7O.pcm

SwiftExplicitDependencyGeneratePcm arm64 /var/folders/71/c1wqy1_x26s5tgyqvfv1mhcr0000gn/T/snapshot_derived20260506-11270-ygdy2/ModuleCache.noindex/CoreTransferable-9FVIRP3DXQJX7P50HMUOIW5RF.pcm

SwiftExplicitDependencyGeneratePcm arm64 /var/folders/71/c1wqy1_x26s5tgyqvfv1mhcr0000gn/T/snapshot_derived20260506-11270-ygdy2/ModuleCache.noindex/UIUtilities-3U09SVVP21ZI2WPM5IHM7TMLK.pcm

SwiftExplicitDependencyGeneratePcm arm64 /var/folders/71/c1wqy1_x26s5tgyqvfv1mhcr0000gn/T/snapshot_derived20260506-11270-ygdy2/ModuleCache.noindex/FileProvider-64JMZYSMVKK5HYIN2GF6DE4LZ.pcm

SwiftExplicitDependencyGeneratePcm arm64 /var/folders/71/c1wqy1_x26s5tgyqvfv1mhcr0000gn/T/snapshot_derived20260506-11270-ygdy2/ModuleCache.noindex/UniformTypeIdentifiers-2I6GX2C79ZG70GKT7IQ8W62WD.pcm

SwiftExplicitDependencyGeneratePcm arm64 /var/folders/71/c1wqy1_x26s5tgyqvfv1mhcr0000gn/T/snapshot_derived20260506-11270-ygdy2/ModuleCache.noindex/UserNotifications-9TJ1NZB3U66YFLO711F2X7JLA.pcm

SwiftExplicitDependencyGeneratePcm arm64 /var/folders/71/c1wqy1_x26s5tgyqvfv1mhcr0000gn/T/snapshot_derived20260506-11270-ygdy2/ModuleCache.noindex/AppIntents-4WAOB41DYO1PIGS7LAMWY3Q1E.pcm

SwiftExplicitDependencyGeneratePcm arm64 /var/folders/71/c1wqy1_x26s5tgyqvfv1mhcr0000gn/T/snapshot_derived20260506-11270-ygdy2/ModuleCache.noindex/IOSurface-CXWRMI4A4EFDPHV40P3S65LZ9.pcm

SwiftExplicitDependencyGeneratePcm arm64 /var/folders/71/c1wqy1_x26s5tgyqvfv1mhcr0000gn/T/snapshot_derived20260506-11270-ygdy2/ModuleCache.noindex/Symbols-5T5YV80B7NUSR4OA2IRWALN1D.pcm

SwiftExplicitDependencyGeneratePcm arm64 /var/folders/71/c1wqy1_x26s5tgyqvfv1mhcr0000gn/T/snapshot_derived20260506-11270-ygdy2/ModuleCache.noindex/CoreData-6S88C010Z8Y9PO33OMJ1P7121.pcm

SwiftExplicitDependencyGeneratePcm arm64 /var/folders/71/c1wqy1_x26s5tgyqvfv1mhcr0000gn/T/snapshot_derived20260506-11270-ygdy2/ModuleCache.noindex/AudioToolbox-7IQA30DZ87BG36CQSAEPISSWF.pcm

SwiftExplicitDependencyGeneratePcm arm64 /var/folders/71/c1wqy1_x26s5tgyqvfv1mhcr0000gn/T/snapshot_derived20260506-11270-ygdy2/ModuleCache.noindex/_LocationEssentials-6WW2JAIQINX9SVIOROGBCTPU7.pcm

SwiftExplicitDependencyGeneratePcm arm64 /var/folders/71/c1wqy1_x26s5tgyqvfv1mhcr0000gn/T/snapshot_derived20260506-11270-ygdy2/ModuleCache.noindex/CoreSpotlight-61ACJ6OHFXM7EJ88SGS7L24TI.pcm

SwiftExplicitDependencyGeneratePcm arm64 /var/folders/71/c1wqy1_x26s5tgyqvfv1mhcr0000gn/T/snapshot_derived20260506-11270-ygdy2/ModuleCache.noindex/Network-B2MTP1O5I82ZFRQHPAOIE0M5N.pcm

SwiftExplicitDependencyGeneratePcm arm64 /var/folders/71/c1wqy1_x26s5tgyqvfv1mhcr0000gn/T/snapshot_derived20260506-11270-ygdy2/ModuleCache.noindex/RelevanceKit-9EA9CWP1LC5EW07DTBMKD5ATO.pcm

SwiftExplicitDependencyGeneratePcm arm64 /var/folders/71/c1wqy1_x26s5tgyqvfv1mhcr0000gn/T/snapshot_derived20260506-11270-ygdy2/ModuleCache.noindex/Metal-9DRHN1QL83GSKML4ZVCHBG3K0.pcm

SwiftExplicitDependencyGeneratePcm arm64 /var/folders/71/c1wqy1_x26s5tgyqvfv1mhcr0000gn/T/snapshot_derived20260506-11270-ygdy2/ModuleCache.noindex/CoreLocation-83I74BF4PQXYKIJMD77GJ876B.pcm

SwiftExplicitDependencyGeneratePcm arm64 /var/folders/71/c1wqy1_x26s5tgyqvfv1mhcr0000gn/T/snapshot_derived20260506-11270-ygdy2/ModuleCache.noindex/AVRouting-5PQCBW3927CEMYLVOXHL2HU31.pcm

SwiftExplicitDependencyGeneratePcm arm64 /var/folders/71/c1wqy1_x26s5tgyqvfv1mhcr0000gn/T/snapshot_derived20260506-11270-ygdy2/ModuleCache.noindex/CoreVideo-DHFP1XZ01ST436JHCBYLUFBX.pcm

SwiftExplicitDependencyGeneratePcm arm64 /var/folders/71/c1wqy1_x26s5tgyqvfv1mhcr0000gn/T/snapshot_derived20260506-11270-ygdy2/ModuleCache.noindex/CoreMedia-7VUP6CUPE5ORBYRT4961PQ5CL.pcm

SwiftExplicitDependencyGeneratePcm arm64 /var/folders/71/c1wqy1_x26s5tgyqvfv1mhcr0000gn/T/snapshot_derived20260506-11270-ygdy2/ModuleCache.noindex/CoreImage-6X2WIAIUACLNXZUVVK1Z75WFQ.pcm

SwiftExplicitDependencyGeneratePcm arm64 /var/folders/71/c1wqy1_x26s5tgyqvfv1mhcr0000gn/T/snapshot_derived20260506-11270-ygdy2/ModuleCache.noindex/CoreML-2KM9XVNIMOKGMAA9NFQDEHLP5.pcm

SwiftExplicitDependencyGeneratePcm arm64 /var/folders/71/c1wqy1_x26s5tgyqvfv1mhcr0000gn/T/snapshot_derived20260506-11270-ygdy2/ModuleCache.noindex/Accelerate-JJ048M9O97VTI22MAJEYMIJC.pcm

SwiftExplicitDependencyGeneratePcm arm64 /var/folders/71/c1wqy1_x26s5tgyqvfv1mhcr0000gn/T/snapshot_derived20260506-11270-ygdy2/ModuleCache.noindex/QuartzCore-DZZ24GEFN6MI6MBC1O5SMT68N.pcm

SwiftExplicitDependencyGeneratePcm arm64 /var/folders/71/c1wqy1_x26s5tgyqvfv1mhcr0000gn/T/snapshot_derived20260506-11270-ygdy2/ModuleCache.noindex/SwiftUICore-9W0UUULUMAM12V93Y4HP6BJ9O.pcm

SwiftExplicitDependencyGeneratePcm arm64 /var/folders/71/c1wqy1_x26s5tgyqvfv1mhcr0000gn/T/snapshot_derived20260506-11270-ygdy2/ModuleCache.noindex/UIKit-751W3IZEZ2ZTUJB8MR4DUSNKM.pcm

SwiftExplicitDependencyGeneratePcm arm64 /var/folders/71/c1wqy1_x26s5tgyqvfv1mhcr0000gn/T/snapshot_derived20260506-11270-ygdy2/ModuleCache.noindex/MediaToolbox-AF4TVQ09N7657BLAYJF0ZQ29H.pcm

SwiftExplicitDependencyGeneratePcm arm64 /var/folders/71/c1wqy1_x26s5tgyqvfv1mhcr0000gn/T/snapshot_derived20260506-11270-ygdy2/ModuleCache.noindex/Vision-CH6OBGHIHL68NJA8NWHYQITAU.pcm

SwiftExplicitDependencyGeneratePcm arm64 /var/folders/71/c1wqy1_x26s5tgyqvfv1mhcr0000gn/T/snapshot_derived20260506-11270-ygdy2/ModuleCache.noindex/AVFAudio-1WHQRNR9D9E3CTZZ6ZOL3TL80.pcm

SwiftExplicitDependencyGeneratePcm arm64 /var/folders/71/c1wqy1_x26s5tgyqvfv1mhcr0000gn/T/snapshot_derived20260506-11270-ygdy2/ModuleCache.noindex/AVFoundation-3WQDESHIZBIKB59O38Z0OW2S0.pcm

SwiftExplicitDependencyGeneratePcm arm64 /var/folders/71/c1wqy1_x26s5tgyqvfv1mhcr0000gn/T/snapshot_derived20260506-11270-ygdy2/ModuleCache.noindex/SwiftUI-3MM5OABX4BLU6RU1FEKT0XSZF.pcm

SwiftExplicitDependencyGeneratePcm arm64 /var/folders/71/c1wqy1_x26s5tgyqvfv1mhcr0000gn/T/snapshot_derived20260506-11270-ygdy2/ModuleCache.noindex/Photos-1Y8GCHY2IDCBMFDNE4FH2PK60.pcm

SwiftExplicitDependencyGeneratePcm arm64 /var/folders/71/c1wqy1_x26s5tgyqvfv1mhcr0000gn/T/snapshot_derived20260506-11270-ygdy2/ModuleCache.noindex/PhotosUI-A15GJXH1SSQGUX38FVIXYNG62.pcm

SwiftCompile normal arm64 Compiling\ ScannerHeroView.swift,\ ScrubberViewModel.swift,\ StripImageIntent.swift /Users/eddie/Development/PicStrip/PicStrip/ScannerHeroView.swift /Users/eddie/Development/PicStrip/PicStrip/ScrubberViewModel.swift /Users/eddie/Development/PicStrip/PicStrip/StripImageIntent.swift (in target 'PicStrip' from project 'PicStrip')

SwiftCompile normal arm64 /Users/eddie/Development/PicStrip/PicStrip/ScannerHeroView.swift (in target 'PicStrip' from project 'PicStrip')
    cd /Users/eddie/Development/PicStrip
    

SwiftCompile normal arm64 /Users/eddie/Development/PicStrip/PicStrip/ScrubberViewModel.swift (in target 'PicStrip' from project 'PicStrip')
    cd /Users/eddie/Development/PicStrip
    

SwiftCompile normal arm64 /Users/eddie/Development/PicStrip/PicStrip/StripImageIntent.swift (in target 'PicStrip' from project 'PicStrip')
    cd /Users/eddie/Development/PicStrip
    

SwiftCompile normal arm64 Compiling\ PIIScanner.swift,\ PIIType.swift,\ PreSaveReviewView.swift /Users/eddie/Development/PicStrip/PicStrip/PIIScanner.swift /Users/eddie/Development/PicStrip/PicStrip/PIIType.swift /Users/eddie/Development/PicStrip/PicStrip/PreSaveReviewView.swift (in target 'PicStrip' from project 'PicStrip')

SwiftCompile normal arm64 /Users/eddie/Development/PicStrip/PicStrip/PIIScanner.swift (in target 'PicStrip' from project 'PicStrip')
    cd /Users/eddie/Development/PicStrip
    

SwiftCompile normal arm64 /Users/eddie/Development/PicStrip/PicStrip/PIIType.swift (in target 'PicStrip' from project 'PicStrip')
    cd /Users/eddie/Development/PicStrip
    

SwiftCompile normal arm64 /Users/eddie/Development/PicStrip/PicStrip/PreSaveReviewView.swift (in target 'PicStrip' from project 'PicStrip')
    cd /Users/eddie/Development/PicStrip
    

SwiftEmitModule normal arm64 Emitting\ module\ for\ PicStrip (in target 'PicStrip' from project 'PicStrip')

EmitSwiftModule normal arm64 (in target 'PicStrip' from project 'PicStrip')
    cd /Users/eddie/Development/PicStrip
    

SwiftCompile normal arm64 Compiling\ MetadataSummaryView.swift,\ PicStripApp.swift,\ PIIDetailsView.swift /Users/eddie/Development/PicStrip/PicStrip/MetadataSummaryView.swift /Users/eddie/Development/PicStrip/PicStrip/PicStripApp.swift /Users/eddie/Development/PicStrip/PicStrip/PIIDetailsView.swift (in target 'PicStrip' from project 'PicStrip')

SwiftCompile normal arm64 /Users/eddie/Development/PicStrip/PicStrip/MetadataSummaryView.swift (in target 'PicStrip' from project 'PicStrip')
    cd /Users/eddie/Development/PicStrip
    

SwiftCompile normal arm64 /Users/eddie/Development/PicStrip/PicStrip/PicStripApp.swift (in target 'PicStrip' from project 'PicStrip')
    cd /Users/eddie/Development/PicStrip
    

SwiftCompile normal arm64 /Users/eddie/Development/PicStrip/PicStrip/PIIDetailsView.swift (in target 'PicStrip' from project 'PicStrip')
    cd /Users/eddie/Development/PicStrip
    

SwiftCompile normal arm64 Compiling\ AboutView.swift,\ AdvancedOptionsView.swift,\ AuditReport.swift,\ BatchConfigView.swift /Users/eddie/Development/PicStrip/PicStrip/AboutView.swift /Users/eddie/Development/PicStrip/PicStrip/AdvancedOptionsView.swift /Users/eddie/Development/PicStrip/PicStrip/AuditReport.swift /Users/eddie/Development/PicStrip/PicStrip/BatchConfigView.swift (in target 'PicStrip' from project 'PicStrip')

SwiftCompile normal arm64 /Users/eddie/Development/PicStrip/PicStrip/AboutView.swift (in target 'PicStrip' from project 'PicStrip')
    cd /Users/eddie/Development/PicStrip
    

SwiftCompile normal arm64 /Users/eddie/Development/PicStrip/PicStrip/AdvancedOptionsView.swift (in target 'PicStrip' from project 'PicStrip')
    cd /Users/eddie/Development/PicStrip
    

SwiftCompile normal arm64 /Users/eddie/Development/PicStrip/PicStrip/AuditReport.swift (in target 'PicStrip' from project 'PicStrip')
    cd /Users/eddie/Development/PicStrip
    

SwiftCompile normal arm64 /Users/eddie/Development/PicStrip/PicStrip/BatchConfigView.swift (in target 'PicStrip' from project 'PicStrip')
    cd /Users/eddie/Development/PicStrip
    

SwiftCompile normal arm64 Compiling\ DetectionModels.swift,\ DetectionRule.swift,\ ExportFormat+AppEnum.swift /Users/eddie/Development/PicStrip/PicStrip/DetectionModels.swift /Users/eddie/Development/PicStrip/PicStrip/DetectionRule.swift /Users/eddie/Development/PicStrip/PicStrip/ExportFormat+AppEnum.swift (in target 'PicStrip' from project 'PicStrip')

SwiftCompile normal arm64 /Users/eddie/Development/PicStrip/PicStrip/DetectionModels.swift (in target 'PicStrip' from project 'PicStrip')
    cd /Users/eddie/Development/PicStrip
    

SwiftCompile normal arm64 /Users/eddie/Development/PicStrip/PicStrip/DetectionRule.swift (in target 'PicStrip' from project 'PicStrip')
    cd /Users/eddie/Development/PicStrip
    

SwiftCompile normal arm64 /Users/eddie/Development/PicStrip/PicStrip/ExportFormat+AppEnum.swift (in target 'PicStrip' from project 'PicStrip')
    cd /Users/eddie/Development/PicStrip
    

SwiftCompile normal arm64 Compiling\ ExportPreset.swift,\ ImageProcessor.swift,\ ImageRedactor.swift /Users/eddie/Development/PicStrip/PicStrip/ExportPreset.swift /Users/eddie/Development/PicStrip/PicStrip/ImageProcessor.swift /Users/eddie/Development/PicStrip/PicStrip/ImageRedactor.swift (in target 'PicStrip' from project 'PicStrip')

SwiftCompile normal arm64 /Users/eddie/Development/PicStrip/PicStrip/ExportPreset.swift (in target 'PicStrip' from project 'PicStrip')
    cd /Users/eddie/Development/PicStrip
    

SwiftCompile normal arm64 /Users/eddie/Development/PicStrip/PicStrip/ImageProcessor.swift (in target 'PicStrip' from project 'PicStrip')
    cd /Users/eddie/Development/PicStrip
    

SwiftCompile normal arm64 /Users/eddie/Development/PicStrip/PicStrip/ImageRedactor.swift (in target 'PicStrip' from project 'PicStrip')
    cd /Users/eddie/Development/PicStrip
    

SwiftCompile normal arm64 Compiling\ BatchSummaryView.swift,\ CategoryDetailPanel.swift,\ ContentView.swift /Users/eddie/Development/PicStrip/PicStrip/BatchSummaryView.swift /Users/eddie/Development/PicStrip/PicStrip/CategoryDetailPanel.swift /Users/eddie/Development/PicStrip/PicStrip/ContentView.swift (in target 'PicStrip' from project 'PicStrip')

SwiftCompile normal arm64 /Users/eddie/Development/PicStrip/PicStrip/BatchSummaryView.swift (in target 'PicStrip' from project 'PicStrip')
    cd /Users/eddie/Development/PicStrip
    

SwiftCompile normal arm64 /Users/eddie/Development/PicStrip/PicStrip/CategoryDetailPanel.swift (in target 'PicStrip' from project 'PicStrip')
    cd /Users/eddie/Development/PicStrip
    

SwiftCompile normal arm64 /Users/eddie/Development/PicStrip/PicStrip/ContentView.swift (in target 'PicStrip' from project 'PicStrip')
    cd /Users/eddie/Development/PicStrip
    

SwiftDriverJobDiscovery normal arm64 Compiling ExportPreset.swift, ImageProcessor.swift, ImageRedactor.swift (in target 'PicStrip' from project 'PicStrip')

SwiftCompile normal arm64 Compiling\ GeneratedStringSymbols_AppShortcuts.swift,\ GeneratedAssetSymbols.swift,\ GeneratedStringSymbols_Localizable.swift /var/folders/71/c1wqy1_x26s5tgyqvfv1mhcr0000gn/T/snapshot_derived20260506-11270-ygdy2/Build/Intermediates.noindex/PicStrip.build/Debug-iphonesimulator/PicStrip.build/DerivedSources/GeneratedStringSymbols_AppShortcuts.swift /var/folders/71/c1wqy1_x26s5tgyqvfv1mhcr0000gn/T/snapshot_derived20260506-11270-ygdy2/Build/Intermediates.noindex/PicStrip.build/Debug-iphonesimulator/PicStrip.build/DerivedSources/GeneratedAssetSymbols.swift /var/folders/71/c1wqy1_x26s5tgyqvfv1mhcr0000gn/T/snapshot_derived20260506-11270-ygdy2/Build/Intermediates.noindex/PicStrip.build/Debug-iphonesimulator/PicStrip.build/DerivedSources/GeneratedStringSymbols_Localizable.swift (in target 'PicStrip' from project 'PicStrip')

SwiftCompile normal arm64 /var/folders/71/c1wqy1_x26s5tgyqvfv1mhcr0000gn/T/snapshot_derived20260506-11270-ygdy2/Build/Intermediates.noindex/PicStrip.build/Debug-iphonesimulator/PicStrip.build/DerivedSources/GeneratedStringSymbols_AppShortcuts.swift (in target 'PicStrip' from project 'PicStrip')
    cd /Users/eddie/Development/PicStrip
    

SwiftCompile normal arm64 /var/folders/71/c1wqy1_x26s5tgyqvfv1mhcr0000gn/T/snapshot_derived20260506-11270-ygdy2/Build/Intermediates.noindex/PicStrip.build/Debug-iphonesimulator/PicStrip.build/DerivedSources/GeneratedAssetSymbols.swift (in target 'PicStrip' from project 'PicStrip')
    cd /Users/eddie/Development/PicStrip
    

SwiftCompile normal arm64 /var/folders/71/c1wqy1_x26s5tgyqvfv1mhcr0000gn/T/snapshot_derived20260506-11270-ygdy2/Build/Intermediates.noindex/PicStrip.build/Debug-iphonesimulator/PicStrip.build/DerivedSources/GeneratedStringSymbols_Localizable.swift (in target 'PicStrip' from project 'PicStrip')
    cd /Users/eddie/Development/PicStrip
    

SwiftDriverJobDiscovery normal arm64 Compiling DetectionModels.swift, DetectionRule.swift, ExportFormat+AppEnum.swift (in target 'PicStrip' from project 'PicStrip')

SwiftDriverJobDiscovery normal arm64 Emitting module for PicStrip (in target 'PicStrip' from project 'PicStrip')

SwiftDriver\ Compilation\ Requirements PicStrip normal arm64 com.apple.xcode.tools.swift.compiler (in target 'PicStrip' from project 'PicStrip')
    cd /Users/eddie/Development/PicStrip
    builtin-Swift-Compilation-Requirements -- /Applications/Xcode.app/Contents/Developer/Toolchains/XcodeDefault.xctoolchain/usr/bin/swiftc -module-name PicStrip -Onone @/var/folders/71/c1wqy1_x26s5tgyqvfv1mhcr0000gn/T/snapshot_derived20260506-11270-ygdy2/Build/Intermediates.noindex/PicStrip.build/Debug-iphonesimulator/PicStrip.build/Objects-normal/arm64/PicStrip.SwiftFileList -DDEBUG -default-isolation\=MainActor -enable-bare-slash-regex -enable-upcoming-feature DisableOutwardActorInference -enable-upcoming-feature InferSendableFromCaptures -enable-upcoming-feature GlobalActorIsolatedTypesUsability -enable-upcoming-feature MemberImportVisibility -enable-upcoming-feature InferIsolatedConformances -enable-upcoming-feature NonisolatedNonsendingByDefault -enable-experimental-feature DebugDescriptionMacro -sdk /Applications/Xcode.app/Contents/Developer/Platforms/iPhoneSimulator.platform/Developer/SDKs/iPhoneSimulator26.4.sdk -target arm64-apple-ios17.0-simulator -g -module-cache-path /var/folders/71/c1wqy1_x26s5tgyqvfv1mhcr0000gn/T/snapshot_derived20260506-11270-ygdy2/ModuleCache.noindex -Xfrontend -serialize-debugging-options -enable-testing -index-store-path /var/folders/71/c1wqy1_x26s5tgyqvfv1mhcr0000gn/T/snapshot_derived20260506-11270-ygdy2/Index.noindex/DataStore -Xcc -D_LIBCPP_HARDENING_MODE\=_LIBCPP_HARDENING_MODE_DEBUG -swift-version 5 -I /var/folders/71/c1wqy1_x26s5tgyqvfv1mhcr0000gn/T/snapshot_derived20260506-11270-ygdy2/Build/Products/Debug-iphonesimulator -F /var/folders/71/c1wqy1_x26s5tgyqvfv1mhcr0000gn/T/snapshot_derived20260506-11270-ygdy2/Build/Products/Debug-iphonesimulator -emit-localized-strings -emit-localized-strings-path /var/folders/71/c1wqy1_x26s5tgyqvfv1mhcr0000gn/T/snapshot_derived20260506-11270-ygdy2/Build/Intermediates.noindex/PicStrip.build/Debug-iphonesimulator/PicStrip.build/Objects-normal/arm64 -c -j8 -enable-batch-mode -incremental -Xcc -ivfsstatcache -Xcc /var/folders/71/c1wqy1_x26s5tgyqvfv1mhcr0000gn/T/snapshot_derived20260506-11270-ygdy2/SDKStatCaches.noindex/iphonesimulator26.4-23E252-686eebb5dc1d8ecb277353a59184f4aa.sdkstatcache -output-file-map /var/folders/71/c1wqy1_x26s5tgyqvfv1mhcr0000gn/T/snapshot_derived20260506-11270-ygdy2/Build/Intermediates.noindex/PicStrip.build/Debug-iphonesimulator/PicStrip.build/Objects-normal/arm64/PicStrip-OutputFileMap.json -use-frontend-parseable-output -save-temps -no-color-diagnostics -explicit-module-build -module-cache-path /var/folders/71/c1wqy1_x26s5tgyqvfv1mhcr0000gn/T/snapshot_derived20260506-11270-ygdy2/Build/Intermediates.noindex/SwiftExplicitPrecompiledModules -clang-scanner-module-cache-path /var/folders/71/c1wqy1_x26s5tgyqvfv1mhcr0000gn/T/snapshot_derived20260506-11270-ygdy2/ModuleCache.noindex -sdk-module-cache-path /var/folders/71/c1wqy1_x26s5tgyqvfv1mhcr0000gn/T/snapshot_derived20260506-11270-ygdy2/ModuleCache.noindex -serialize-diagnostics -emit-dependencies -emit-module -emit-module-path /var/folders/71/c1wqy1_x26s5tgyqvfv1mhcr0000gn/T/snapshot_derived20260506-11270-ygdy2/Build/Intermediates.noindex/PicStrip.build/Debug-iphonesimulator/PicStrip.build/Objects-normal/arm64/PicStrip.swiftmodule -validate-clang-modules-once -clang-build-session-file /var/folders/71/c1wqy1_x26s5tgyqvfv1mhcr0000gn/T/snapshot_derived20260506-11270-ygdy2/ModuleCache.noindex/Session.modulevalidation -Xcc -I/var/folders/71/c1wqy1_x26s5tgyqvfv1mhcr0000gn/T/snapshot_derived20260506-11270-ygdy2/Build/Intermediates.noindex/PicStrip.build/Debug-iphonesimulator/PicStrip.build/swift-overrides.hmap -emit-const-values -Xfrontend -const-gather-protocols-file -Xfrontend /var/folders/71/c1wqy1_x26s5tgyqvfv1mhcr0000gn/T/snapshot_derived20260506-11270-ygdy2/Build/Intermediates.noindex/PicStrip.build/Debug-iphonesimulator/PicStrip.build/Objects-normal/arm64/PicStrip_const_extract_protocols.json -Xcc -iquote -Xcc /var/folders/71/c1wqy1_x26s5tgyqvfv1mhcr0000gn/T/snapshot_derived20260506-11270-ygdy2/Build/Intermediates.noindex/PicStrip.build/Debug-iphonesimulator/PicStrip.build/PicStrip-generated-files.hmap -Xcc -I/var/folders/71/c1wqy1_x26s5tgyqvfv1mhcr0000gn/T/snapshot_derived20260506-11270-ygdy2/Build/Intermediates.noindex/PicStrip.build/Debug-iphonesimulator/PicStrip.build/PicStrip-own-target-headers.hmap -Xcc -I/var/folders/71/c1wqy1_x26s5tgyqvfv1mhcr0000gn/T/snapshot_derived20260506-11270-ygdy2/Build/Intermediates.noindex/PicStrip.build/Debug-iphonesimulator/PicStrip.build/PicStrip-all-target-headers.hmap -Xcc -iquote -Xcc /var/folders/71/c1wqy1_x26s5tgyqvfv1mhcr0000gn/T/snapshot_derived20260506-11270-ygdy2/Build/Intermediates.noindex/PicStrip.build/Debug-iphonesimulator/PicStrip.build/PicStrip-project-headers.hmap -Xcc -I/var/folders/71/c1wqy1_x26s5tgyqvfv1mhcr0000gn/T/snapshot_derived20260506-11270-ygdy2/Build/Products/Debug-iphonesimulator/include -Xcc -I/var/folders/71/c1wqy1_x26s5tgyqvfv1mhcr0000gn/T/snapshot_derived20260506-11270-ygdy2/Build/Intermediates.noindex/PicStrip.build/Debug-iphonesimulator/PicStrip.build/DerivedSources-normal/arm64 -Xcc -I/var/folders/71/c1wqy1_x26s5tgyqvfv1mhcr0000gn/T/snapshot_derived20260506-11270-ygdy2/Build/Intermediates.noindex/PicStrip.build/Debug-iphonesimulator/PicStrip.build/DerivedSources/arm64 -Xcc -I/var/folders/71/c1wqy1_x26s5tgyqvfv1mhcr0000gn/T/snapshot_derived20260506-11270-ygdy2/Build/Intermediates.noindex/PicStrip.build/Debug-iphonesimulator/PicStrip.build/DerivedSources -Xcc -DDEBUG\=1 -emit-objc-header -emit-objc-header-path /var/folders/71/c1wqy1_x26s5tgyqvfv1mhcr0000gn/T/snapshot_derived20260506-11270-ygdy2/Build/Intermediates.noindex/PicStrip.build/Debug-iphonesimulator/PicStrip.build/Objects-normal/arm64/PicStrip-Swift.h -working-directory /Users/eddie/Development/PicStrip -experimental-emit-module-separately -disable-cmo

SwiftMergeGeneratedHeaders /var/folders/71/c1wqy1_x26s5tgyqvfv1mhcr0000gn/T/snapshot_derived20260506-11270-ygdy2/Build/Intermediates.noindex/PicStrip.build/Debug-iphonesimulator/PicStrip.build/DerivedSources/PicStrip-Swift.h /var/folders/71/c1wqy1_x26s5tgyqvfv1mhcr0000gn/T/snapshot_derived20260506-11270-ygdy2/Build/Intermediates.noindex/PicStrip.build/Debug-iphonesimulator/PicStrip.build/Objects-normal/arm64/PicStrip-Swift.h (in target 'PicStrip' from project 'PicStrip')
    cd /Users/eddie/Development/PicStrip
    builtin-swiftHeaderTool -arch arm64 /var/folders/71/c1wqy1_x26s5tgyqvfv1mhcr0000gn/T/snapshot_derived20260506-11270-ygdy2/Build/Intermediates.noindex/PicStrip.build/Debug-iphonesimulator/PicStrip.build/Objects-normal/arm64/PicStrip-Swift.h -o /var/folders/71/c1wqy1_x26s5tgyqvfv1mhcr0000gn/T/snapshot_derived20260506-11270-ygdy2/Build/Intermediates.noindex/PicStrip.build/Debug-iphonesimulator/PicStrip.build/DerivedSources/PicStrip-Swift.h

Copy /var/folders/71/c1wqy1_x26s5tgyqvfv1mhcr0000gn/T/snapshot_derived20260506-11270-ygdy2/Build/Products/Debug-iphonesimulator/PicStrip.swiftmodule/arm64-apple-ios-simulator.swiftmodule /var/folders/71/c1wqy1_x26s5tgyqvfv1mhcr0000gn/T/snapshot_derived20260506-11270-ygdy2/Build/Intermediates.noindex/PicStrip.build/Debug-iphonesimulator/PicStrip.build/Objects-normal/arm64/PicStrip.swiftmodule (in target 'PicStrip' from project 'PicStrip')
    cd /Users/eddie/Development/PicStrip
    builtin-copy -exclude .DS_Store -exclude CVS -exclude .svn -exclude .git -exclude .hg -resolve-src-symlinks -rename /var/folders/71/c1wqy1_x26s5tgyqvfv1mhcr0000gn/T/snapshot_derived20260506-11270-ygdy2/Build/Intermediates.noindex/PicStrip.build/Debug-iphonesimulator/PicStrip.build/Objects-normal/arm64/PicStrip.swiftmodule /var/folders/71/c1wqy1_x26s5tgyqvfv1mhcr0000gn/T/snapshot_derived20260506-11270-ygdy2/Build/Products/Debug-iphonesimulator/PicStrip.swiftmodule/arm64-apple-ios-simulator.swiftmodule

Copy /var/folders/71/c1wqy1_x26s5tgyqvfv1mhcr0000gn/T/snapshot_derived20260506-11270-ygdy2/Build/Products/Debug-iphonesimulator/PicStrip.swiftmodule/arm64-apple-ios-simulator.swiftdoc /var/folders/71/c1wqy1_x26s5tgyqvfv1mhcr0000gn/T/snapshot_derived20260506-11270-ygdy2/Build/Intermediates.noindex/PicStrip.build/Debug-iphonesimulator/PicStrip.build/Objects-normal/arm64/PicStrip.swiftdoc (in target 'PicStrip' from project 'PicStrip')
    cd /Users/eddie/Development/PicStrip
    builtin-copy -exclude .DS_Store -exclude CVS -exclude .svn -exclude .git -exclude .hg -resolve-src-symlinks -rename /var/folders/71/c1wqy1_x26s5tgyqvfv1mhcr0000gn/T/snapshot_derived20260506-11270-ygdy2/Build/Intermediates.noindex/PicStrip.build/Debug-iphonesimulator/PicStrip.build/Objects-normal/arm64/PicStrip.swiftdoc /var/folders/71/c1wqy1_x26s5tgyqvfv1mhcr0000gn/T/snapshot_derived20260506-11270-ygdy2/Build/Products/Debug-iphonesimulator/PicStrip.swiftmodule/arm64-apple-ios-simulator.swiftdoc

Copy /var/folders/71/c1wqy1_x26s5tgyqvfv1mhcr0000gn/T/snapshot_derived20260506-11270-ygdy2/Build/Products/Debug-iphonesimulator/PicStrip.swiftmodule/arm64-apple-ios-simulator.abi.json /var/folders/71/c1wqy1_x26s5tgyqvfv1mhcr0000gn/T/snapshot_derived20260506-11270-ygdy2/Build/Intermediates.noindex/PicStrip.build/Debug-iphonesimulator/PicStrip.build/Objects-normal/arm64/PicStrip.abi.json (in target 'PicStrip' from project 'PicStrip')
    cd /Users/eddie/Development/PicStrip
    builtin-copy -exclude .DS_Store -exclude CVS -exclude .svn -exclude .git -exclude .hg -resolve-src-symlinks -rename /var/folders/71/c1wqy1_x26s5tgyqvfv1mhcr0000gn/T/snapshot_derived20260506-11270-ygdy2/Build/Intermediates.noindex/PicStrip.build/Debug-iphonesimulator/PicStrip.build/Objects-normal/arm64/PicStrip.abi.json /var/folders/71/c1wqy1_x26s5tgyqvfv1mhcr0000gn/T/snapshot_derived20260506-11270-ygdy2/Build/Products/Debug-iphonesimulator/PicStrip.swiftmodule/arm64-apple-ios-simulator.abi.json

Copy /var/folders/71/c1wqy1_x26s5tgyqvfv1mhcr0000gn/T/snapshot_derived20260506-11270-ygdy2/Build/Products/Debug-iphonesimulator/PicStrip.swiftmodule/Project/arm64-apple-ios-simulator.swiftsourceinfo /var/folders/71/c1wqy1_x26s5tgyqvfv1mhcr0000gn/T/snapshot_derived20260506-11270-ygdy2/Build/Intermediates.noindex/PicStrip.build/Debug-iphonesimulator/PicStrip.build/Objects-normal/arm64/PicStrip.swiftsourceinfo (in target 'PicStrip' from project 'PicStrip')
    cd /Users/eddie/Development/PicStrip
    builtin-copy -exclude .DS_Store -exclude CVS -exclude .svn -exclude .git -exclude .hg -resolve-src-symlinks -rename /var/folders/71/c1wqy1_x26s5tgyqvfv1mhcr0000gn/T/snapshot_derived20260506-11270-ygdy2/Build/Intermediates.noindex/PicStrip.build/Debug-iphonesimulator/PicStrip.build/Objects-normal/arm64/PicStrip.swiftsourceinfo /var/folders/71/c1wqy1_x26s5tgyqvfv1mhcr0000gn/T/snapshot_derived20260506-11270-ygdy2/Build/Products/Debug-iphonesimulator/PicStrip.swiftmodule/Project/arm64-apple-ios-simulator.swiftsourceinfo

SwiftDriverJobDiscovery normal arm64 Compiling GeneratedStringSymbols_AppShortcuts.swift, GeneratedAssetSymbols.swift, GeneratedStringSymbols_Localizable.swift (in target 'PicStrip' from project 'PicStrip')

SwiftDriverJobDiscovery normal arm64 Compiling AboutView.swift, AdvancedOptionsView.swift, AuditReport.swift, BatchConfigView.swift (in target 'PicStrip' from project 'PicStrip')

SwiftDriverJobDiscovery normal arm64 Compiling PIIScanner.swift, PIIType.swift, PreSaveReviewView.swift (in target 'PicStrip' from project 'PicStrip')

SwiftDriverJobDiscovery normal arm64 Compiling ScannerHeroView.swift, ScrubberViewModel.swift, StripImageIntent.swift (in target 'PicStrip' from project 'PicStrip')

SwiftDriverJobDiscovery normal arm64 Compiling MetadataSummaryView.swift, PicStripApp.swift, PIIDetailsView.swift (in target 'PicStrip' from project 'PicStrip')

SwiftDriverJobDiscovery normal arm64 Compiling BatchSummaryView.swift, CategoryDetailPanel.swift, ContentView.swift (in target 'PicStrip' from project 'PicStrip')

SwiftDriver\ Compilation PicStrip normal arm64 com.apple.xcode.tools.swift.compiler (in target 'PicStrip' from project 'PicStrip')
    cd /Users/eddie/Development/PicStrip
    builtin-Swift-Compilation -- /Applications/Xcode.app/Contents/Developer/Toolchains/XcodeDefault.xctoolchain/usr/bin/swiftc -module-name PicStrip -Onone @/var/folders/71/c1wqy1_x26s5tgyqvfv1mhcr0000gn/T/snapshot_derived20260506-11270-ygdy2/Build/Intermediates.noindex/PicStrip.build/Debug-iphonesimulator/PicStrip.build/Objects-normal/arm64/PicStrip.SwiftFileList -DDEBUG -default-isolation\=MainActor -enable-bare-slash-regex -enable-upcoming-feature DisableOutwardActorInference -enable-upcoming-feature InferSendableFromCaptures -enable-upcoming-feature GlobalActorIsolatedTypesUsability -enable-upcoming-feature MemberImportVisibility -enable-upcoming-feature InferIsolatedConformances -enable-upcoming-feature NonisolatedNonsendingByDefault -enable-experimental-feature DebugDescriptionMacro -sdk /Applications/Xcode.app/Contents/Developer/Platforms/iPhoneSimulator.platform/Developer/SDKs/iPhoneSimulator26.4.sdk -target arm64-apple-ios17.0-simulator -g -module-cache-path /var/folders/71/c1wqy1_x26s5tgyqvfv1mhcr0000gn/T/snapshot_derived20260506-11270-ygdy2/ModuleCache.noindex -Xfrontend -serialize-debugging-options -enable-testing -index-store-path /var/folders/71/c1wqy1_x26s5tgyqvfv1mhcr0000gn/T/snapshot_derived20260506-11270-ygdy2/Index.noindex/DataStore -Xcc -D_LIBCPP_HARDENING_MODE\=_LIBCPP_HARDENING_MODE_DEBUG -swift-version 5 -I /var/folders/71/c1wqy1_x26s5tgyqvfv1mhcr0000gn/T/snapshot_derived20260506-11270-ygdy2/Build/Products/Debug-iphonesimulator -F /var/folders/71/c1wqy1_x26s5tgyqvfv1mhcr0000gn/T/snapshot_derived20260506-11270-ygdy2/Build/Products/Debug-iphonesimulator -emit-localized-strings -emit-localized-strings-path /var/folders/71/c1wqy1_x26s5tgyqvfv1mhcr0000gn/T/snapshot_derived20260506-11270-ygdy2/Build/Intermediates.noindex/PicStrip.build/Debug-iphonesimulator/PicStrip.build/Objects-normal/arm64 -c -j8 -enable-batch-mode -incremental -Xcc -ivfsstatcache -Xcc /var/folders/71/c1wqy1_x26s5tgyqvfv1mhcr0000gn/T/snapshot_derived20260506-11270-ygdy2/SDKStatCaches.noindex/iphonesimulator26.4-23E252-686eebb5dc1d8ecb277353a59184f4aa.sdkstatcache -output-file-map /var/folders/71/c1wqy1_x26s5tgyqvfv1mhcr0000gn/T/snapshot_derived20260506-11270-ygdy2/Build/Intermediates.noindex/PicStrip.build/Debug-iphonesimulator/PicStrip.build/Objects-normal/arm64/PicStrip-OutputFileMap.json -use-frontend-parseable-output -save-temps -no-color-diagnostics -explicit-module-build -module-cache-path /var/folders/71/c1wqy1_x26s5tgyqvfv1mhcr0000gn/T/snapshot_derived20260506-11270-ygdy2/Build/Intermediates.noindex/SwiftExplicitPrecompiledModules -clang-scanner-module-cache-path /var/folders/71/c1wqy1_x26s5tgyqvfv1mhcr0000gn/T/snapshot_derived20260506-11270-ygdy2/ModuleCache.noindex -sdk-module-cache-path /var/folders/71/c1wqy1_x26s5tgyqvfv1mhcr0000gn/T/snapshot_derived20260506-11270-ygdy2/ModuleCache.noindex -serialize-diagnostics -emit-dependencies -emit-module -emit-module-path /var/folders/71/c1wqy1_x26s5tgyqvfv1mhcr0000gn/T/snapshot_derived20260506-11270-ygdy2/Build/Intermediates.noindex/PicStrip.build/Debug-iphonesimulator/PicStrip.build/Objects-normal/arm64/PicStrip.swiftmodule -validate-clang-modules-once -clang-build-session-file /var/folders/71/c1wqy1_x26s5tgyqvfv1mhcr0000gn/T/snapshot_derived20260506-11270-ygdy2/ModuleCache.noindex/Session.modulevalidation -Xcc -I/var/folders/71/c1wqy1_x26s5tgyqvfv1mhcr0000gn/T/snapshot_derived20260506-11270-ygdy2/Build/Intermediates.noindex/PicStrip.build/Debug-iphonesimulator/PicStrip.build/swift-overrides.hmap -emit-const-values -Xfrontend -const-gather-protocols-file -Xfrontend /var/folders/71/c1wqy1_x26s5tgyqvfv1mhcr0000gn/T/snapshot_derived20260506-11270-ygdy2/Build/Intermediates.noindex/PicStrip.build/Debug-iphonesimulator/PicStrip.build/Objects-normal/arm64/PicStrip_const_extract_protocols.json -Xcc -iquote -Xcc /var/folders/71/c1wqy1_x26s5tgyqvfv1mhcr0000gn/T/snapshot_derived20260506-11270-ygdy2/Build/Intermediates.noindex/PicStrip.build/Debug-iphonesimulator/PicStrip.build/PicStrip-generated-files.hmap -Xcc -I/var/folders/71/c1wqy1_x26s5tgyqvfv1mhcr0000gn/T/snapshot_derived20260506-11270-ygdy2/Build/Intermediates.noindex/PicStrip.build/Debug-iphonesimulator/PicStrip.build/PicStrip-own-target-headers.hmap -Xcc -I/var/folders/71/c1wqy1_x26s5tgyqvfv1mhcr0000gn/T/snapshot_derived20260506-11270-ygdy2/Build/Intermediates.noindex/PicStrip.build/Debug-iphonesimulator/PicStrip.build/PicStrip-all-target-headers.hmap -Xcc -iquote -Xcc /var/folders/71/c1wqy1_x26s5tgyqvfv1mhcr0000gn/T/snapshot_derived20260506-11270-ygdy2/Build/Intermediates.noindex/PicStrip.build/Debug-iphonesimulator/PicStrip.build/PicStrip-project-headers.hmap -Xcc -I/var/folders/71/c1wqy1_x26s5tgyqvfv1mhcr0000gn/T/snapshot_derived20260506-11270-ygdy2/Build/Products/Debug-iphonesimulator/include -Xcc -I/var/folders/71/c1wqy1_x26s5tgyqvfv1mhcr0000gn/T/snapshot_derived20260506-11270-ygdy2/Build/Intermediates.noindex/PicStrip.build/Debug-iphonesimulator/PicStrip.build/DerivedSources-normal/arm64 -Xcc -I/var/folders/71/c1wqy1_x26s5tgyqvfv1mhcr0000gn/T/snapshot_derived20260506-11270-ygdy2/Build/Intermediates.noindex/PicStrip.build/Debug-iphonesimulator/PicStrip.build/DerivedSources/arm64 -Xcc -I/var/folders/71/c1wqy1_x26s5tgyqvfv1mhcr0000gn/T/snapshot_derived20260506-11270-ygdy2/Build/Intermediates.noindex/PicStrip.build/Debug-iphonesimulator/PicStrip.build/DerivedSources -Xcc -DDEBUG\=1 -emit-objc-header -emit-objc-header-path /var/folders/71/c1wqy1_x26s5tgyqvfv1mhcr0000gn/T/snapshot_derived20260506-11270-ygdy2/Build/Intermediates.noindex/PicStrip.build/Debug-iphonesimulator/PicStrip.build/Objects-normal/arm64/PicStrip-Swift.h -working-directory /Users/eddie/Development/PicStrip -experimental-emit-module-separately -disable-cmo

Ld /var/folders/71/c1wqy1_x26s5tgyqvfv1mhcr0000gn/T/snapshot_derived20260506-11270-ygdy2/Build/Products/Debug-iphonesimulator/PicStrip.app/PicStrip.debug.dylib normal (in target 'PicStrip' from project 'PicStrip')
    cd /Users/eddie/Development/PicStrip
    /Applications/Xcode.app/Contents/Developer/Toolchains/XcodeDefault.xctoolchain/usr/bin/clang -Xlinker -reproducible -target arm64-apple-ios17.0-simulator -dynamiclib -isysroot /Applications/Xcode.app/Contents/Developer/Platforms/iPhoneSimulator.platform/Developer/SDKs/iPhoneSimulator26.4.sdk -O0 -L/var/folders/71/c1wqy1_x26s5tgyqvfv1mhcr0000gn/T/snapshot_derived20260506-11270-ygdy2/Build/Intermediates.noindex/EagerLinkingTBDs/Debug-iphonesimulator -L/var/folders/71/c1wqy1_x26s5tgyqvfv1mhcr0000gn/T/snapshot_derived20260506-11270-ygdy2/Build/Products/Debug-iphonesimulator -F/var/folders/71/c1wqy1_x26s5tgyqvfv1mhcr0000gn/T/snapshot_derived20260506-11270-ygdy2/Build/Intermediates.noindex/EagerLinkingTBDs/Debug-iphonesimulator -F/var/folders/71/c1wqy1_x26s5tgyqvfv1mhcr0000gn/T/snapshot_derived20260506-11270-ygdy2/Build/Products/Debug-iphonesimulator -filelist /var/folders/71/c1wqy1_x26s5tgyqvfv1mhcr0000gn/T/snapshot_derived20260506-11270-ygdy2/Build/Intermediates.noindex/PicStrip.build/Debug-iphonesimulator/PicStrip.build/Objects-normal/arm64/PicStrip.LinkFileList -install_name @rpath/PicStrip.debug.dylib -Xlinker -rpath -Xlinker /usr/lib/swift -Xlinker -rpath -Xlinker @executable_path/Frameworks -Xlinker -dead_strip -Xlinker -object_path_lto -Xlinker /var/folders/71/c1wqy1_x26s5tgyqvfv1mhcr0000gn/T/snapshot_derived20260506-11270-ygdy2/Build/Intermediates.noindex/PicStrip.build/Debug-iphonesimulator/PicStrip.build/Objects-normal/arm64/PicStrip_lto.o -rdynamic -Xlinker -no_deduplicate -Xlinker -objc_abi_version -Xlinker 2 -Xlinker -dependency_info -Xlinker /var/folders/71/c1wqy1_x26s5tgyqvfv1mhcr0000gn/T/snapshot_derived20260506-11270-ygdy2/Build/Intermediates.noindex/PicStrip.build/Debug-iphonesimulator/PicStrip.build/Objects-normal/arm64/PicStrip_dependency_info.dat -fobjc-link-runtime -L/Applications/Xcode.app/Contents/Developer/Toolchains/XcodeDefault.xctoolchain/usr/lib/swift/iphonesimulator -L/usr/lib/swift -Xlinker -add_ast_path -Xlinker /var/folders/71/c1wqy1_x26s5tgyqvfv1mhcr0000gn/T/snapshot_derived20260506-11270-ygdy2/Build/Intermediates.noindex/PicStrip.build/Debug-iphonesimulator/PicStrip.build/Objects-normal/arm64/PicStrip.swiftmodule @/var/folders/71/c1wqy1_x26s5tgyqvfv1mhcr0000gn/T/snapshot_derived20260506-11270-ygdy2/Build/Intermediates.noindex/PicStrip.build/Debug-iphonesimulator/PicStrip.build/Objects-normal/arm64/PicStrip-linker-args.resp -Xlinker -alias -Xlinker _main -Xlinker ___debug_main_executable_dylib_entry_point -framework AppIntents -o /var/folders/71/c1wqy1_x26s5tgyqvfv1mhcr0000gn/T/snapshot_derived20260506-11270-ygdy2/Build/Products/Debug-iphonesimulator/PicStrip.app/PicStrip.debug.dylib

ConstructStubExecutorLinkFileList /var/folders/71/c1wqy1_x26s5tgyqvfv1mhcr0000gn/T/snapshot_derived20260506-11270-ygdy2/Build/Intermediates.noindex/PicStrip.build/Debug-iphonesimulator/PicStrip.build/PicStrip-ExecutorLinkFileList-normal-arm64.txt (in target 'PicStrip' from project 'PicStrip')
    cd /Users/eddie/Development/PicStrip
    construct-stub-executor-link-file-list /var/folders/71/c1wqy1_x26s5tgyqvfv1mhcr0000gn/T/snapshot_derived20260506-11270-ygdy2/Build/Products/Debug-iphonesimulator/PicStrip.app/PicStrip.debug.dylib /Applications/Xcode.app/Contents/Developer/Platforms/iPhoneSimulator.platform/Developer/usr/lib/libPreviewsJITStubExecutor_no_swift_entry_point.a /Applications/Xcode.app/Contents/Developer/Platforms/iPhoneSimulator.platform/Developer/usr/lib/libPreviewsJITStubExecutor.a --output /var/folders/71/c1wqy1_x26s5tgyqvfv1mhcr0000gn/T/snapshot_derived20260506-11270-ygdy2/Build/Intermediates.noindex/PicStrip.build/Debug-iphonesimulator/PicStrip.build/PicStrip-ExecutorLinkFileList-normal-arm64.txt
note: Using stub executor library with Swift entry point. (in target 'PicStrip' from project 'PicStrip')

Ld /var/folders/71/c1wqy1_x26s5tgyqvfv1mhcr0000gn/T/snapshot_derived20260506-11270-ygdy2/Build/Products/Debug-iphonesimulator/PicStrip.app/PicStrip normal (in target 'PicStrip' from project 'PicStrip')
    cd /Users/eddie/Development/PicStrip
    /Applications/Xcode.app/Contents/Developer/Toolchains/XcodeDefault.xctoolchain/usr/bin/clang -Xlinker -reproducible -target arm64-apple-ios17.0-simulator -isysroot /Applications/Xcode.app/Contents/Developer/Platforms/iPhoneSimulator.platform/Developer/SDKs/iPhoneSimulator26.4.sdk -O0 -L/var/folders/71/c1wqy1_x26s5tgyqvfv1mhcr0000gn/T/snapshot_derived20260506-11270-ygdy2/Build/Products/Debug-iphonesimulator -F/var/folders/71/c1wqy1_x26s5tgyqvfv1mhcr0000gn/T/snapshot_derived20260506-11270-ygdy2/Build/Products/Debug-iphonesimulator -Xlinker -rpath -Xlinker @executable_path -Xlinker -rpath -Xlinker @executable_path/Frameworks -rdynamic -Xlinker -no_deduplicate -Xlinker -objc_abi_version -Xlinker 2 -e ___debug_blank_executor_main -Xlinker -sectcreate -Xlinker __TEXT -Xlinker __debug_dylib -Xlinker /var/folders/71/c1wqy1_x26s5tgyqvfv1mhcr0000gn/T/snapshot_derived20260506-11270-ygdy2/Build/Intermediates.noindex/PicStrip.build/Debug-iphonesimulator/PicStrip.build/PicStrip-DebugDylibPath-normal-arm64.txt -Xlinker -sectcreate -Xlinker __TEXT -Xlinker __debug_instlnm -Xlinker /var/folders/71/c1wqy1_x26s5tgyqvfv1mhcr0000gn/T/snapshot_derived20260506-11270-ygdy2/Build/Intermediates.noindex/PicStrip.build/Debug-iphonesimulator/PicStrip.build/PicStrip-DebugDylibInstallName-normal-arm64.txt -Xlinker -filelist -Xlinker /var/folders/71/c1wqy1_x26s5tgyqvfv1mhcr0000gn/T/snapshot_derived20260506-11270-ygdy2/Build/Intermediates.noindex/PicStrip.build/Debug-iphonesimulator/PicStrip.build/PicStrip-ExecutorLinkFileList-normal-arm64.txt /var/folders/71/c1wqy1_x26s5tgyqvfv1mhcr0000gn/T/snapshot_derived20260506-11270-ygdy2/Build/Products/Debug-iphonesimulator/PicStrip.app/PicStrip.debug.dylib -o /var/folders/71/c1wqy1_x26s5tgyqvfv1mhcr0000gn/T/snapshot_derived20260506-11270-ygdy2/Build/Products/Debug-iphonesimulator/PicStrip.app/PicStrip

LinkAssetCatalog /Users/eddie/Development/PicStrip/PicStrip/Assets.xcassets /Users/eddie/Development/PicStrip/PicStrip/PicStrip.icon (in target 'PicStrip' from project 'PicStrip')
    cd /Users/eddie/Development/PicStrip
    builtin-linkAssetCatalog --thinned /var/folders/71/c1wqy1_x26s5tgyqvfv1mhcr0000gn/T/snapshot_derived20260506-11270-ygdy2/Build/Intermediates.noindex/PicStrip.build/Debug-iphonesimulator/PicStrip.build/assetcatalog_output/thinned --thinned-dependencies /var/folders/71/c1wqy1_x26s5tgyqvfv1mhcr0000gn/T/snapshot_derived20260506-11270-ygdy2/Build/Intermediates.noindex/PicStrip.build/Debug-iphonesimulator/PicStrip.build/assetcatalog_dependencies_thinned --thinned-info-plist-content /var/folders/71/c1wqy1_x26s5tgyqvfv1mhcr0000gn/T/snapshot_derived20260506-11270-ygdy2/Build/Intermediates.noindex/PicStrip.build/Debug-iphonesimulator/PicStrip.build/assetcatalog_generated_info.plist_thinned --unthinned /var/folders/71/c1wqy1_x26s5tgyqvfv1mhcr0000gn/T/snapshot_derived20260506-11270-ygdy2/Build/Intermediates.noindex/PicStrip.build/Debug-iphonesimulator/PicStrip.build/assetcatalog_output/unthinned --unthinned-dependencies /var/folders/71/c1wqy1_x26s5tgyqvfv1mhcr0000gn/T/snapshot_derived20260506-11270-ygdy2/Build/Intermediates.noindex/PicStrip.build/Debug-iphonesimulator/PicStrip.build/assetcatalog_dependencies_unthinned --unthinned-info-plist-content /var/folders/71/c1wqy1_x26s5tgyqvfv1mhcr0000gn/T/snapshot_derived20260506-11270-ygdy2/Build/Intermediates.noindex/PicStrip.build/Debug-iphonesimulator/PicStrip.build/assetcatalog_generated_info.plist_unthinned --output /var/folders/71/c1wqy1_x26s5tgyqvfv1mhcr0000gn/T/snapshot_derived20260506-11270-ygdy2/Build/Products/Debug-iphonesimulator/PicStrip.app --plist-output /var/folders/71/c1wqy1_x26s5tgyqvfv1mhcr0000gn/T/snapshot_derived20260506-11270-ygdy2/Build/Intermediates.noindex/PicStrip.build/Debug-iphonesimulator/PicStrip.build/assetcatalog_generated_info.plist
note: Emplaced /var/folders/71/c1wqy1_x26s5tgyqvfv1mhcr0000gn/T/snapshot_derived20260506-11270-ygdy2/Build/Products/Debug-iphonesimulator/PicStrip.app/Assets.car (in target 'PicStrip' from project 'PicStrip')
note: Emplaced /var/folders/71/c1wqy1_x26s5tgyqvfv1mhcr0000gn/T/snapshot_derived20260506-11270-ygdy2/Build/Products/Debug-iphonesimulator/PicStrip.app/PicStrip76x76@2x~ipad.png (in target 'PicStrip' from project 'PicStrip')
note: Emplaced /var/folders/71/c1wqy1_x26s5tgyqvfv1mhcr0000gn/T/snapshot_derived20260506-11270-ygdy2/Build/Products/Debug-iphonesimulator/PicStrip.app/PicStrip60x60@2x.png (in target 'PicStrip' from project 'PicStrip')

Copy /var/folders/71/c1wqy1_x26s5tgyqvfv1mhcr0000gn/T/snapshot_derived20260506-11270-ygdy2/Build/Products/Debug-iphonesimulator/PicStrip.app/PlugIns/PicStripShareExtension.appex /var/folders/71/c1wqy1_x26s5tgyqvfv1mhcr0000gn/T/snapshot_derived20260506-11270-ygdy2/Build/Products/Debug-iphonesimulator/PicStripShareExtension.appex (in target 'PicStrip' from project 'PicStrip')
    cd /Users/eddie/Development/PicStrip
    builtin-copy -exclude .DS_Store -exclude CVS -exclude .svn -exclude .git -exclude .hg -exclude Headers -exclude PrivateHeaders -exclude Modules -exclude \*.tbd -resolve-src-symlinks -remove-static-executable /var/folders/71/c1wqy1_x26s5tgyqvfv1mhcr0000gn/T/snapshot_derived20260506-11270-ygdy2/Build/Products/Debug-iphonesimulator/PicStripShareExtension.appex /var/folders/71/c1wqy1_x26s5tgyqvfv1mhcr0000gn/T/snapshot_derived20260506-11270-ygdy2/Build/Products/Debug-iphonesimulator/PicStrip.app/PlugIns

ProcessInfoPlistFile /var/folders/71/c1wqy1_x26s5tgyqvfv1mhcr0000gn/T/snapshot_derived20260506-11270-ygdy2/Build/Products/Debug-iphonesimulator/PicStrip.app/Info.plist /var/folders/71/c1wqy1_x26s5tgyqvfv1mhcr0000gn/T/snapshot_derived20260506-11270-ygdy2/Build/Intermediates.noindex/PicStrip.build/Debug-iphonesimulator/PicStrip.build/empty-PicStrip.plist (in target 'PicStrip' from project 'PicStrip')
    cd /Users/eddie/Development/PicStrip
    builtin-infoPlistUtility /var/folders/71/c1wqy1_x26s5tgyqvfv1mhcr0000gn/T/snapshot_derived20260506-11270-ygdy2/Build/Intermediates.noindex/PicStrip.build/Debug-iphonesimulator/PicStrip.build/empty-PicStrip.plist -producttype com.apple.product-type.application -genpkginfo /var/folders/71/c1wqy1_x26s5tgyqvfv1mhcr0000gn/T/snapshot_derived20260506-11270-ygdy2/Build/Products/Debug-iphonesimulator/PicStrip.app/PkgInfo -expandbuildsettings -format binary -platform iphonesimulator -additionalcontentfile /var/folders/71/c1wqy1_x26s5tgyqvfv1mhcr0000gn/T/snapshot_derived20260506-11270-ygdy2/Build/Intermediates.noindex/PicStrip.build/Debug-iphonesimulator/PicStrip.build/assetcatalog_generated_info.plist -scanforprivacyfile /var/folders/71/c1wqy1_x26s5tgyqvfv1mhcr0000gn/T/snapshot_derived20260506-11270-ygdy2/Build/Products/Debug-iphonesimulator/PicStrip.app/PlugIns/PicStripShareExtension.appex -o /var/folders/71/c1wqy1_x26s5tgyqvfv1mhcr0000gn/T/snapshot_derived20260506-11270-ygdy2/Build/Products/Debug-iphonesimulator/PicStrip.app/Info.plist

ExtractAppIntentsMetadata (in target 'PicStrip' from project 'PicStrip')
    cd /Users/eddie/Development/PicStrip
    /Applications/Xcode.app/Contents/Developer/Toolchains/XcodeDefault.xctoolchain/usr/bin/appintentsmetadataprocessor --toolchain-dir /Applications/Xcode.app/Contents/Developer/Toolchains/XcodeDefault.xctoolchain --module-name PicStrip --sdk-root /Applications/Xcode.app/Contents/Developer/Platforms/iPhoneSimulator.platform/Developer/SDKs/iPhoneSimulator26.4.sdk --xcode-version 17E202 --platform-family iOS --deployment-target 17.0 --bundle-identifier com.northcutt.PicStrip --output /var/folders/71/c1wqy1_x26s5tgyqvfv1mhcr0000gn/T/snapshot_derived20260506-11270-ygdy2/Build/Products/Debug-iphonesimulator/PicStrip.app --target-triple arm64-apple-ios17.0-simulator --binary-file /var/folders/71/c1wqy1_x26s5tgyqvfv1mhcr0000gn/T/snapshot_derived20260506-11270-ygdy2/Build/Products/Debug-iphonesimulator/PicStrip.app/PicStrip --dependency-file /var/folders/71/c1wqy1_x26s5tgyqvfv1mhcr0000gn/T/snapshot_derived20260506-11270-ygdy2/Build/Intermediates.noindex/PicStrip.build/Debug-iphonesimulator/PicStrip.build/Objects-normal/arm64/PicStrip_dependency_info.dat --stringsdata-file /var/folders/71/c1wqy1_x26s5tgyqvfv1mhcr0000gn/T/snapshot_derived20260506-11270-ygdy2/Build/Intermediates.noindex/PicStrip.build/Debug-iphonesimulator/PicStrip.build/Objects-normal/arm64/ExtractedAppShortcutsMetadata.stringsdata --source-file-list /var/folders/71/c1wqy1_x26s5tgyqvfv1mhcr0000gn/T/snapshot_derived20260506-11270-ygdy2/Build/Intermediates.noindex/PicStrip.build/Debug-iphonesimulator/PicStrip.build/Objects-normal/arm64/PicStrip.SwiftFileList --metadata-file-list /var/folders/71/c1wqy1_x26s5tgyqvfv1mhcr0000gn/T/snapshot_derived20260506-11270-ygdy2/Build/Intermediates.noindex/PicStrip.build/Debug-iphonesimulator/PicStrip.build/PicStrip.DependencyMetadataFileList --static-metadata-file-list /var/folders/71/c1wqy1_x26s5tgyqvfv1mhcr0000gn/T/snapshot_derived20260506-11270-ygdy2/Build/Intermediates.noindex/PicStrip.build/Debug-iphonesimulator/PicStrip.build/PicStrip.DependencyStaticMetadataFileList --swift-const-vals-list /var/folders/71/c1wqy1_x26s5tgyqvfv1mhcr0000gn/T/snapshot_derived20260506-11270-ygdy2/Build/Intermediates.noindex/PicStrip.build/Debug-iphonesimulator/PicStrip.build/Objects-normal/arm64/PicStrip.SwiftConstValuesFileList --compile-time-extraction --deployment-aware-processing --validate-assistant-intents
2026-05-06 19:35:05.455 appintentsmetadataprocessor[11831:4277510] Starting appintentsmetadataprocessor export
2026-05-06 19:35:05.499 appintentsmetadataprocessor[11831:4277510] Writing Metadata.appintents
2026-05-06 19:35:05.499 appintentsmetadataprocessor[11831:4277510] Metadata root: /var/folders/71/c1wqy1_x26s5tgyqvfv1mhcr0000gn/T/snapshot_derived20260506-11270-ygdy2/Build/Products/Debug-iphonesimulator/PicStrip.app/Metadata.appintents

CopySwiftLibs /var/folders/71/c1wqy1_x26s5tgyqvfv1mhcr0000gn/T/snapshot_derived20260506-11270-ygdy2/Build/Products/Debug-iphonesimulator/PicStrip.app (in target 'PicStrip' from project 'PicStrip')
    cd /Users/eddie/Development/PicStrip
    builtin-swiftStdLibTool --copy --verbose --scan-executable /var/folders/71/c1wqy1_x26s5tgyqvfv1mhcr0000gn/T/snapshot_derived20260506-11270-ygdy2/Build/Products/Debug-iphonesimulator/PicStrip.app/PicStrip.debug.dylib --scan-folder /var/folders/71/c1wqy1_x26s5tgyqvfv1mhcr0000gn/T/snapshot_derived20260506-11270-ygdy2/Build/Products/Debug-iphonesimulator/PicStrip.app/Frameworks --scan-folder /var/folders/71/c1wqy1_x26s5tgyqvfv1mhcr0000gn/T/snapshot_derived20260506-11270-ygdy2/Build/Products/Debug-iphonesimulator/PicStrip.app/PlugIns --scan-folder /var/folders/71/c1wqy1_x26s5tgyqvfv1mhcr0000gn/T/snapshot_derived20260506-11270-ygdy2/Build/Products/Debug-iphonesimulator/PicStrip.app/SystemExtensions --scan-folder /var/folders/71/c1wqy1_x26s5tgyqvfv1mhcr0000gn/T/snapshot_derived20260506-11270-ygdy2/Build/Products/Debug-iphonesimulator/PicStrip.app/Extensions --scan-folder /Applications/Xcode.app/Contents/Developer/Platforms/iPhoneSimulator.platform/Developer/SDKs/iPhoneSimulator26.4.sdk/System/Library/Frameworks/AppIntents.framework --platform iphonesimulator --toolchain /Applications/Xcode.app/Contents/Developer/Toolchains/XcodeDefault.xctoolchain --destination /var/folders/71/c1wqy1_x26s5tgyqvfv1mhcr0000gn/T/snapshot_derived20260506-11270-ygdy2/Build/Products/Debug-iphonesimulator/PicStrip.app/Frameworks --strip-bitcode --strip-bitcode-tool /Applications/Xcode.app/Contents/Developer/Toolchains/XcodeDefault.xctoolchain/usr/bin/bitcode_strip --emit-dependency-info /var/folders/71/c1wqy1_x26s5tgyqvfv1mhcr0000gn/T/snapshot_derived20260506-11270-ygdy2/Build/Intermediates.noindex/PicStrip.build/Debug-iphonesimulator/PicStrip.build/SwiftStdLibToolInputDependencies.dep --filter-for-swift-os
Ignoring --strip-bitcode because --sign was not passed

ValidateEmbeddedBinary /var/folders/71/c1wqy1_x26s5tgyqvfv1mhcr0000gn/T/snapshot_derived20260506-11270-ygdy2/Build/Products/Debug-iphonesimulator/PicStrip.app/PlugIns/PicStripShareExtension.appex (in target 'PicStrip' from project 'PicStrip')
    cd /Users/eddie/Development/PicStrip
    /Applications/Xcode.app/Contents/Developer/usr/bin/embeddedBinaryValidationUtility /var/folders/71/c1wqy1_x26s5tgyqvfv1mhcr0000gn/T/snapshot_derived20260506-11270-ygdy2/Build/Products/Debug-iphonesimulator/PicStrip.app/PlugIns/PicStripShareExtension.appex -info-plist-path /var/folders/71/c1wqy1_x26s5tgyqvfv1mhcr0000gn/T/snapshot_derived20260506-11270-ygdy2/Build/Products/Debug-iphonesimulator/PicStrip.app/Info.plist

ValidateAppShortcutStringsMetadata (in target 'PicStrip' from project 'PicStrip')
    cd /Users/eddie/Development/PicStrip
    /Applications/Xcode.app/Contents/Developer/Toolchains/XcodeDefault.xctoolchain/usr/bin/appshortcutstringsprocessor --source-file /Users/eddie/Development/PicStrip/PicStrip/AppShortcuts.xcstrings --input-data-path /var/folders/71/c1wqy1_x26s5tgyqvfv1mhcr0000gn/T/snapshot_derived20260506-11270-ygdy2/Build/Products/Debug-iphonesimulator/PicStrip.app/Metadata.appintents --platform-family iOS --deployment-target 17.0 --validate-assistant-intents --metadata-file-list /var/folders/71/c1wqy1_x26s5tgyqvfv1mhcr0000gn/T/snapshot_derived20260506-11270-ygdy2/Build/Intermediates.noindex/PicStrip.build/Debug-iphonesimulator/PicStrip.build/PicStrip.DependencyMetadataFileList

AppIntentsSSUTraining (in target 'PicStrip' from project 'PicStrip')
    cd /Users/eddie/Development/PicStrip
    /Applications/Xcode.app/Contents/Developer/Toolchains/XcodeDefault.xctoolchain/usr/bin/appintentsnltrainingprocessor --infoplist-path /var/folders/71/c1wqy1_x26s5tgyqvfv1mhcr0000gn/T/snapshot_derived20260506-11270-ygdy2/Build/Products/Debug-iphonesimulator/PicStrip.app/Info.plist --temp-dir-path /var/folders/71/c1wqy1_x26s5tgyqvfv1mhcr0000gn/T/snapshot_derived20260506-11270-ygdy2/Build/Intermediates.noindex/PicStrip.build/Debug-iphonesimulator/PicStrip.build/ssu --bundle-id com.northcutt.PicStrip --product-path /var/folders/71/c1wqy1_x26s5tgyqvfv1mhcr0000gn/T/snapshot_derived20260506-11270-ygdy2/Build/Products/Debug-iphonesimulator/PicStrip.app --extracted-metadata-path /var/folders/71/c1wqy1_x26s5tgyqvfv1mhcr0000gn/T/snapshot_derived20260506-11270-ygdy2/Build/Products/Debug-iphonesimulator/PicStrip.app/Metadata.appintents --metadata-file-list /var/folders/71/c1wqy1_x26s5tgyqvfv1mhcr0000gn/T/snapshot_derived20260506-11270-ygdy2/Build/Intermediates.noindex/PicStrip.build/Debug-iphonesimulator/PicStrip.build/PicStrip.DependencyMetadataFileList --source-file /var/folders/71/c1wqy1_x26s5tgyqvfv1mhcr0000gn/T/snapshot_derived20260506-11270-ygdy2/Build/Products/Debug-iphonesimulator/PicStrip.app/Info.plist --source-file /Users/eddie/Development/PicStrip/PicStrip/AppShortcuts.xcstrings --archive-ssu-assets
2026-05-06 19:35:05.577 appintentsnltrainingprocessor[11835:4277533] Parsing options for appintentsnltrainingprocessor
2026-05-06 19:35:05.577 appintentsnltrainingprocessor[11835:4277533] Starting AppIntents SSU YAML Generation
2026-05-06 19:35:05.593 appintentsnltrainingprocessor[11835:4277533] Training 'Clean photos with ${+applicationName}|Strip metadata with ${+applicationName}|Remove metadata with ${+applicationName}|Scrub photos with ${+applicationName}' for en
2026-05-06 19:35:05.593 appintentsnltrainingprocessor[11835:4277533] Training Negative Phrases '' for en
2026-05-06 19:35:05.593 appintentsnltrainingprocessor[11835:4277533] Application name 'PicStrip' for en
2026-05-06 19:35:05.601 appintentsnltrainingprocessor[11835:4277533] Generated AppIntents SSU YAML files in file:///var/folders/71/c1wqy1_x26s5tgyqvfv1mhcr0000gn/T/snapshot_derived20260506-11270-ygdy2/Build/Intermediates.noindex/PicStrip.build/Debug-iphonesimulator/PicStrip.build/ssu/
2026-05-06 19:35:05.602 appintentsnltrainingprocessor[11835:4277533] Copied AppIntents SSU YAML files to file:///var/folders/71/c1wqy1_x26s5tgyqvfv1mhcr0000gn/T/snapshot_derived20260506-11270-ygdy2/Build/Products/Debug-iphonesimulator/PicStrip.app/Metadata.appintents/
Archiving all locales.
[------------------------------------------------------------] 0% archiving en[🁢🁢🁢🁢🁢🁢🁢🁢🁢🁢🁢🁢🁢🁢🁢🁢🁢🁢🁢🁢🁢🁢🁢🁢🁢🁢🁢🁢🁢🁢🁢🁢🁢🁢🁢🁢🁢🁢🁢🁢🁢🁢🁢🁢🁢🁢🁢🁢🁢🁢🁢🁢🁢🁢🁢🁢🁢🁢🁢🁢] 100% archived en[🁢🁢🁢🁢🁢🁢🁢🁢🁢🁢🁢🁢🁢🁢🁢🁢🁢🁢🁢🁢🁢🁢🁢🁢🁢🁢🁢🁢🁢🁢🁢🁢🁢🁢🁢🁢🁢🁢🁢🁢🁢🁢🁢🁢🁢🁢🁢🁢🁢🁢🁢🁢🁢🁢🁢🁢🁢🁢🁢🁢] 100% archived 1 locales/var/folders/71/c1wqy1_x26s5tgyqvfv1mhcr0000gn/T/snapshot_derived20260506-11270-ygdy2/Build/Products/Debug-iphonesimulator/PicStrip.app/en.lproj/nlu.appintents
/var/folders/71/c1wqy1_x26s5tgyqvfv1mhcr0000gn/T/snapshot_derived20260506-11270-ygdy2/Build/Products/Debug-iphonesimulator/PicStrip.app/en.lproj/nlu.appintents/f4e49494bd66239b6d7962814718740e.version


RegisterExecutionPolicyException /var/folders/71/c1wqy1_x26s5tgyqvfv1mhcr0000gn/T/snapshot_derived20260506-11270-ygdy2/Build/Products/Debug-iphonesimulator/PicStrip.app (in target 'PicStrip' from project 'PicStrip')
    cd /Users/eddie/Development/PicStrip
    builtin-RegisterExecutionPolicyException /var/folders/71/c1wqy1_x26s5tgyqvfv1mhcr0000gn/T/snapshot_derived20260506-11270-ygdy2/Build/Products/Debug-iphonesimulator/PicStrip.app

Validate /var/folders/71/c1wqy1_x26s5tgyqvfv1mhcr0000gn/T/snapshot_derived20260506-11270-ygdy2/Build/Products/Debug-iphonesimulator/PicStrip.app (in target 'PicStrip' from project 'PicStrip')
    cd /Users/eddie/Development/PicStrip
    builtin-validationUtility /var/folders/71/c1wqy1_x26s5tgyqvfv1mhcr0000gn/T/snapshot_derived20260506-11270-ygdy2/Build/Products/Debug-iphonesimulator/PicStrip.app -shallow-bundle -infoplist-subpath Info.plist

Touch /var/folders/71/c1wqy1_x26s5tgyqvfv1mhcr0000gn/T/snapshot_derived20260506-11270-ygdy2/Build/Products/Debug-iphonesimulator/PicStrip.app (in target 'PicStrip' from project 'PicStrip')
    cd /Users/eddie/Development/PicStrip
    /usr/bin/touch -c /var/folders/71/c1wqy1_x26s5tgyqvfv1mhcr0000gn/T/snapshot_derived20260506-11270-ygdy2/Build/Products/Debug-iphonesimulator/PicStrip.app

** BUILD SUCCEEDED **

note: Using codesigning identity override: 
ComputePackagePrebuildTargetDependencyGraph

Prepare packages

CreateBuildRequest

SendProjectDescription

CreateBuildOperation

ComputeTargetDependencyGraph
note: Building targets in dependency order
note: Target dependency graph (3 targets)
    Target 'PicStripUITests' in project 'PicStrip'
        ➜ Explicit dependency on target 'PicStrip' in project 'PicStrip'
    Target 'PicStrip' in project 'PicStrip'
        ➜ Explicit dependency on target 'PicStripShareExtension' in project 'PicStrip'
    Target 'PicStripShareExtension' in project 'PicStrip' (no dependencies)

GatherProvisioningInputs

CreateBuildDescription

ExecuteExternalTool /Applications/Xcode.app/Contents/Developer/Toolchains/XcodeDefault.xctoolchain/usr/bin/swiftc --version

ExecuteExternalTool /Applications/Xcode.app/Contents/Developer/usr/bin/xcstringstool compile --dry-run --output-directory /var/folders/71/c1wqy1_x26s5tgyqvfv1mhcr0000gn/T/snapshot_derived20260506-11270-ygdy2/Build/Intermediates.noindex/PicStrip.build/Debug-iphonesimulator/PicStrip.build /Users/eddie/Development/PicStrip/PicStrip/AppShortcuts.xcstrings

ExecuteExternalTool /Applications/Xcode.app/Contents/Developer/Toolchains/XcodeDefault.xctoolchain/usr/bin/clang -v -E -dM -isysroot /Applications/Xcode.app/Contents/Developer/Platforms/iPhoneSimulator.platform/Developer/SDKs/iPhoneSimulator26.4.sdk -x c -c /dev/null

ExecuteExternalTool /Applications/Xcode.app/Contents/Developer/usr/bin/actool --print-asset-tag-combinations --output-format xml1 /Users/eddie/Development/PicStrip/PicStrip/Assets.xcassets /Users/eddie/Development/PicStrip/PicStrip/PicStrip.icon

ExecuteExternalTool /Applications/Xcode.app/Contents/Developer/usr/bin/actool --version --output-format xml1

ExecuteExternalTool /Applications/Xcode.app/Contents/Developer/usr/bin/xcstringstool compile --dry-run --output-directory /var/folders/71/c1wqy1_x26s5tgyqvfv1mhcr0000gn/T/snapshot_derived20260506-11270-ygdy2/Build/Intermediates.noindex/PicStrip.build/Debug-iphonesimulator/PicStrip.build /Users/eddie/Development/PicStrip/PicStrip/Localizable.xcstrings

ExecuteExternalTool /Applications/Xcode.app/Contents/Developer/Toolchains/XcodeDefault.xctoolchain/usr/bin/ld -version_details

Build description signature: 77599c86d3778c39c95d0ffde666f23d
Build description path: /var/folders/71/c1wqy1_x26s5tgyqvfv1mhcr0000gn/T/snapshot_derived20260506-11270-ygdy2/Build/Intermediates.noindex/XCBuildData/77599c86d3778c39c95d0ffde666f23d.xcbuilddata
ClangStatCache /Applications/Xcode.app/Contents/Developer/Toolchains/XcodeDefault.xctoolchain/usr/bin/clang-stat-cache /Applications/Xcode.app/Contents/Developer/Platforms/iPhoneSimulator.platform/Developer/SDKs/iPhoneSimulator26.4.sdk /var/folders/71/c1wqy1_x26s5tgyqvfv1mhcr0000gn/T/snapshot_derived20260506-11270-ygdy2/SDKStatCaches.noindex/iphonesimulator26.4-23E252-686eebb5dc1d8ecb277353a59184f4aa.sdkstatcache
    cd /Users/eddie/Development/PicStrip/PicStrip.xcodeproj
    /Applications/Xcode.app/Contents/Developer/Toolchains/XcodeDefault.xctoolchain/usr/bin/clang-stat-cache /Applications/Xcode.app/Contents/Developer/Platforms/iPhoneSimulator.platform/Developer/SDKs/iPhoneSimulator26.4.sdk -o /var/folders/71/c1wqy1_x26s5tgyqvfv1mhcr0000gn/T/snapshot_derived20260506-11270-ygdy2/SDKStatCaches.noindex/iphonesimulator26.4-23E252-686eebb5dc1d8ecb277353a59184f4aa.sdkstatcache

ProcessInfoPlistFile /var/folders/71/c1wqy1_x26s5tgyqvfv1mhcr0000gn/T/snapshot_derived20260506-11270-ygdy2/Build/Products/Debug-iphonesimulator/PicStripShareExtension.appex/Info.plist /Users/eddie/Development/PicStrip/PicStripShareExtension/Info.plist (in target 'PicStripShareExtension' from project 'PicStrip')
    cd /Users/eddie/Development/PicStrip
    builtin-infoPlistUtility /Users/eddie/Development/PicStrip/PicStripShareExtension/Info.plist -producttype com.apple.product-type.app-extension -expandbuildsettings -format binary -platform iphonesimulator -o /var/folders/71/c1wqy1_x26s5tgyqvfv1mhcr0000gn/T/snapshot_derived20260506-11270-ygdy2/Build/Products/Debug-iphonesimulator/PicStripShareExtension.appex/Info.plist

WriteAuxiliaryFile /var/folders/71/c1wqy1_x26s5tgyqvfv1mhcr0000gn/T/snapshot_derived20260506-11270-ygdy2/Build/Intermediates.noindex/PicStrip.build/Debug-iphonesimulator/PicStripUITests.build/empty-PicStripUITests.plist (in target 'PicStripUITests' from project 'PicStrip')
    cd /Users/eddie/Development/PicStrip
    write-file /var/folders/71/c1wqy1_x26s5tgyqvfv1mhcr0000gn/T/snapshot_derived20260506-11270-ygdy2/Build/Intermediates.noindex/PicStrip.build/Debug-iphonesimulator/PicStripUITests.build/empty-PicStripUITests.plist

WriteAuxiliaryFile /var/folders/71/c1wqy1_x26s5tgyqvfv1mhcr0000gn/T/snapshot_derived20260506-11270-ygdy2/Build/Intermediates.noindex/PicStrip.build/Debug-iphonesimulator/PicStripUITests.build/PicStripUITests.hmap (in target 'PicStripUITests' from project 'PicStrip')
    cd /Users/eddie/Development/PicStrip
    write-file /var/folders/71/c1wqy1_x26s5tgyqvfv1mhcr0000gn/T/snapshot_derived20260506-11270-ygdy2/Build/Intermediates.noindex/PicStrip.build/Debug-iphonesimulator/PicStripUITests.build/PicStripUITests.hmap

WriteAuxiliaryFile /var/folders/71/c1wqy1_x26s5tgyqvfv1mhcr0000gn/T/snapshot_derived20260506-11270-ygdy2/Build/Intermediates.noindex/PicStrip.build/Debug-iphonesimulator/PicStripUITests.build/PicStripUITests.DependencyStaticMetadataFileList (in target 'PicStripUITests' from project 'PicStrip')
    cd /Users/eddie/Development/PicStrip
    write-file /var/folders/71/c1wqy1_x26s5tgyqvfv1mhcr0000gn/T/snapshot_derived20260506-11270-ygdy2/Build/Intermediates.noindex/PicStrip.build/Debug-iphonesimulator/PicStripUITests.build/PicStripUITests.DependencyStaticMetadataFileList

WriteAuxiliaryFile /var/folders/71/c1wqy1_x26s5tgyqvfv1mhcr0000gn/T/snapshot_derived20260506-11270-ygdy2/Build/Intermediates.noindex/PicStrip.build/Debug-iphonesimulator/PicStripUITests.build/PicStripUITests.DependencyMetadataFileList (in target 'PicStripUITests' from project 'PicStrip')
    cd /Users/eddie/Development/PicStrip
    write-file /var/folders/71/c1wqy1_x26s5tgyqvfv1mhcr0000gn/T/snapshot_derived20260506-11270-ygdy2/Build/Intermediates.noindex/PicStrip.build/Debug-iphonesimulator/PicStripUITests.build/PicStripUITests.DependencyMetadataFileList

WriteAuxiliaryFile /var/folders/71/c1wqy1_x26s5tgyqvfv1mhcr0000gn/T/snapshot_derived20260506-11270-ygdy2/Build/Intermediates.noindex/PicStrip.build/Debug-iphonesimulator/PicStripUITests.build/PicStripUITests-project-headers.hmap (in target 'PicStripUITests' from project 'PicStrip')
    cd /Users/eddie/Development/PicStrip
    write-file /var/folders/71/c1wqy1_x26s5tgyqvfv1mhcr0000gn/T/snapshot_derived20260506-11270-ygdy2/Build/Intermediates.noindex/PicStrip.build/Debug-iphonesimulator/PicStripUITests.build/PicStripUITests-project-headers.hmap

WriteAuxiliaryFile /var/folders/71/c1wqy1_x26s5tgyqvfv1mhcr0000gn/T/snapshot_derived20260506-11270-ygdy2/Build/Intermediates.noindex/PicStrip.build/Debug-iphonesimulator/PicStripUITests.build/ProductTypeInfoPlistAdditions.plist (in target 'PicStripUITests' from project 'PicStrip')
    cd /Users/eddie/Development/PicStrip
    write-file /var/folders/71/c1wqy1_x26s5tgyqvfv1mhcr0000gn/T/snapshot_derived20260506-11270-ygdy2/Build/Intermediates.noindex/PicStrip.build/Debug-iphonesimulator/PicStripUITests.build/ProductTypeInfoPlistAdditions.plist

WriteAuxiliaryFile /var/folders/71/c1wqy1_x26s5tgyqvfv1mhcr0000gn/T/snapshot_derived20260506-11270-ygdy2/Build/Intermediates.noindex/PicStrip.build/Debug-iphonesimulator/PicStripUITests.build/PicStripUITests-own-target-headers.hmap (in target 'PicStripUITests' from project 'PicStrip')
    cd /Users/eddie/Development/PicStrip
    write-file /var/folders/71/c1wqy1_x26s5tgyqvfv1mhcr0000gn/T/snapshot_derived20260506-11270-ygdy2/Build/Intermediates.noindex/PicStrip.build/Debug-iphonesimulator/PicStripUITests.build/PicStripUITests-own-target-headers.hmap

WriteAuxiliaryFile /var/folders/71/c1wqy1_x26s5tgyqvfv1mhcr0000gn/T/snapshot_derived20260506-11270-ygdy2/Build/Intermediates.noindex/PicStrip.build/Debug-iphonesimulator/PicStripUITests.build/PicStripUITests-generated-files.hmap (in target 'PicStripUITests' from project 'PicStrip')
    cd /Users/eddie/Development/PicStrip
    write-file /var/folders/71/c1wqy1_x26s5tgyqvfv1mhcr0000gn/T/snapshot_derived20260506-11270-ygdy2/Build/Intermediates.noindex/PicStrip.build/Debug-iphonesimulator/PicStripUITests.build/PicStripUITests-generated-files.hmap

WriteAuxiliaryFile /var/folders/71/c1wqy1_x26s5tgyqvfv1mhcr0000gn/T/snapshot_derived20260506-11270-ygdy2/Build/Intermediates.noindex/PicStrip.build/Debug-iphonesimulator/PicStripUITests.build/PicStripUITests-all-target-headers.hmap (in target 'PicStripUITests' from project 'PicStrip')
    cd /Users/eddie/Development/PicStrip
    write-file /var/folders/71/c1wqy1_x26s5tgyqvfv1mhcr0000gn/T/snapshot_derived20260506-11270-ygdy2/Build/Intermediates.noindex/PicStrip.build/Debug-iphonesimulator/PicStripUITests.build/PicStripUITests-all-target-headers.hmap

WriteAuxiliaryFile /var/folders/71/c1wqy1_x26s5tgyqvfv1mhcr0000gn/T/snapshot_derived20260506-11270-ygdy2/Build/Intermediates.noindex/PicStrip.build/Debug-iphonesimulator/PicStripUITests.build/PicStripUITests-all-non-framework-target-headers.hmap (in target 'PicStripUITests' from project 'PicStrip')
    cd /Users/eddie/Development/PicStrip
    write-file /var/folders/71/c1wqy1_x26s5tgyqvfv1mhcr0000gn/T/snapshot_derived20260506-11270-ygdy2/Build/Intermediates.noindex/PicStrip.build/Debug-iphonesimulator/PicStripUITests.build/PicStripUITests-all-non-framework-target-headers.hmap

WriteAuxiliaryFile /var/folders/71/c1wqy1_x26s5tgyqvfv1mhcr0000gn/T/snapshot_derived20260506-11270-ygdy2/Build/Intermediates.noindex/PicStrip.build/Debug-iphonesimulator/PicStripUITests.build/Objects-normal/arm64/PicStripUITests.SwiftConstValuesFileList (in target 'PicStripUITests' from project 'PicStrip')
    cd /Users/eddie/Development/PicStrip
    write-file /var/folders/71/c1wqy1_x26s5tgyqvfv1mhcr0000gn/T/snapshot_derived20260506-11270-ygdy2/Build/Intermediates.noindex/PicStrip.build/Debug-iphonesimulator/PicStripUITests.build/Objects-normal/arm64/PicStripUITests.SwiftConstValuesFileList

WriteAuxiliaryFile /var/folders/71/c1wqy1_x26s5tgyqvfv1mhcr0000gn/T/snapshot_derived20260506-11270-ygdy2/Build/Intermediates.noindex/PicStrip.build/Debug-iphonesimulator/PicStripUITests.build/Objects-normal/arm64/PicStripUITests_const_extract_protocols.json (in target 'PicStripUITests' from project 'PicStrip')
    cd /Users/eddie/Development/PicStrip
    write-file /var/folders/71/c1wqy1_x26s5tgyqvfv1mhcr0000gn/T/snapshot_derived20260506-11270-ygdy2/Build/Intermediates.noindex/PicStrip.build/Debug-iphonesimulator/PicStripUITests.build/Objects-normal/arm64/PicStripUITests_const_extract_protocols.json

WriteAuxiliaryFile /var/folders/71/c1wqy1_x26s5tgyqvfv1mhcr0000gn/T/snapshot_derived20260506-11270-ygdy2/Build/Intermediates.noindex/PicStrip.build/Debug-iphonesimulator/PicStripUITests.build/Objects-normal/arm64/PicStripUITests.SwiftFileList (in target 'PicStripUITests' from project 'PicStrip')
    cd /Users/eddie/Development/PicStrip
    write-file /var/folders/71/c1wqy1_x26s5tgyqvfv1mhcr0000gn/T/snapshot_derived20260506-11270-ygdy2/Build/Intermediates.noindex/PicStrip.build/Debug-iphonesimulator/PicStripUITests.build/Objects-normal/arm64/PicStripUITests.SwiftFileList

WriteAuxiliaryFile /var/folders/71/c1wqy1_x26s5tgyqvfv1mhcr0000gn/T/snapshot_derived20260506-11270-ygdy2/Build/Intermediates.noindex/PicStrip.build/Debug-iphonesimulator/PicStripUITests.build/Objects-normal/arm64/PicStripUITests.LinkFileList (in target 'PicStripUITests' from project 'PicStrip')
    cd /Users/eddie/Development/PicStrip
    write-file /var/folders/71/c1wqy1_x26s5tgyqvfv1mhcr0000gn/T/snapshot_derived20260506-11270-ygdy2/Build/Intermediates.noindex/PicStrip.build/Debug-iphonesimulator/PicStripUITests.build/Objects-normal/arm64/PicStripUITests.LinkFileList

WriteAuxiliaryFile /var/folders/71/c1wqy1_x26s5tgyqvfv1mhcr0000gn/T/snapshot_derived20260506-11270-ygdy2/Build/Intermediates.noindex/PicStrip.build/Debug-iphonesimulator/PicStripUITests.build/Objects-normal/arm64/PicStripUITests-OutputFileMap.json (in target 'PicStripUITests' from project 'PicStrip')
    cd /Users/eddie/Development/PicStrip
    write-file /var/folders/71/c1wqy1_x26s5tgyqvfv1mhcr0000gn/T/snapshot_derived20260506-11270-ygdy2/Build/Intermediates.noindex/PicStrip.build/Debug-iphonesimulator/PicStripUITests.build/Objects-normal/arm64/PicStripUITests-OutputFileMap.json

MkDir /var/folders/71/c1wqy1_x26s5tgyqvfv1mhcr0000gn/T/snapshot_derived20260506-11270-ygdy2/Build/Products/Debug-iphonesimulator/PicStripUITests-Runner.app/PlugIns/PicStripUITests.xctest (in target 'PicStripUITests' from project 'PicStrip')
    cd /Users/eddie/Development/PicStrip
    /bin/mkdir -p /var/folders/71/c1wqy1_x26s5tgyqvfv1mhcr0000gn/T/snapshot_derived20260506-11270-ygdy2/Build/Products/Debug-iphonesimulator/PicStripUITests-Runner.app/PlugIns/PicStripUITests.xctest

Copy /var/folders/71/c1wqy1_x26s5tgyqvfv1mhcr0000gn/T/snapshot_derived20260506-11270-ygdy2/Build/Products/Debug-iphonesimulator/PicStrip.app/PlugIns/PicStripShareExtension.appex /var/folders/71/c1wqy1_x26s5tgyqvfv1mhcr0000gn/T/snapshot_derived20260506-11270-ygdy2/Build/Products/Debug-iphonesimulator/PicStripShareExtension.appex (in target 'PicStrip' from project 'PicStrip')
    cd /Users/eddie/Development/PicStrip
    builtin-copy -exclude .DS_Store -exclude CVS -exclude .svn -exclude .git -exclude .hg -exclude Headers -exclude PrivateHeaders -exclude Modules -exclude \*.tbd -resolve-src-symlinks -remove-static-executable /var/folders/71/c1wqy1_x26s5tgyqvfv1mhcr0000gn/T/snapshot_derived20260506-11270-ygdy2/Build/Products/Debug-iphonesimulator/PicStripShareExtension.appex /var/folders/71/c1wqy1_x26s5tgyqvfv1mhcr0000gn/T/snapshot_derived20260506-11270-ygdy2/Build/Products/Debug-iphonesimulator/PicStrip.app/PlugIns

SwiftDriver PicStripUITests normal arm64 com.apple.xcode.tools.swift.compiler (in target 'PicStripUITests' from project 'PicStrip')
    cd /Users/eddie/Development/PicStrip
    builtin-SwiftDriver -- /Applications/Xcode.app/Contents/Developer/Toolchains/XcodeDefault.xctoolchain/usr/bin/swiftc -module-name PicStripUITests -Onone @/var/folders/71/c1wqy1_x26s5tgyqvfv1mhcr0000gn/T/snapshot_derived20260506-11270-ygdy2/Build/Intermediates.noindex/PicStrip.build/Debug-iphonesimulator/PicStripUITests.build/Objects-normal/arm64/PicStripUITests.SwiftFileList -DDEBUG -module-alias Testing\=_Testing_Unavailable -plugin-path /Applications/Xcode.app/Contents/Developer/Toolchains/XcodeDefault.xctoolchain/usr/lib/swift/host/plugins/testing -enable-bare-slash-regex -enable-upcoming-feature DisableOutwardActorInference -enable-upcoming-feature InferSendableFromCaptures -enable-upcoming-feature GlobalActorIsolatedTypesUsability -enable-upcoming-feature MemberImportVisibility -enable-upcoming-feature InferIsolatedConformances -enable-upcoming-feature NonisolatedNonsendingByDefault -enable-experimental-feature DebugDescriptionMacro -sdk /Applications/Xcode.app/Contents/Developer/Platforms/iPhoneSimulator.platform/Developer/SDKs/iPhoneSimulator26.4.sdk -target arm64-apple-ios17.0-simulator -g -module-cache-path /var/folders/71/c1wqy1_x26s5tgyqvfv1mhcr0000gn/T/snapshot_derived20260506-11270-ygdy2/ModuleCache.noindex -Xfrontend -serialize-debugging-options -enable-testing -index-store-path /var/folders/71/c1wqy1_x26s5tgyqvfv1mhcr0000gn/T/snapshot_derived20260506-11270-ygdy2/Index.noindex/DataStore -Xcc -D_LIBCPP_HARDENING_MODE\=_LIBCPP_HARDENING_MODE_DEBUG -swift-version 5 -I /var/folders/71/c1wqy1_x26s5tgyqvfv1mhcr0000gn/T/snapshot_derived20260506-11270-ygdy2/Build/Products/Debug-iphonesimulator -Isystem /Applications/Xcode.app/Contents/Developer/Platforms/iPhoneSimulator.platform/Developer/usr/lib -F /var/folders/71/c1wqy1_x26s5tgyqvfv1mhcr0000gn/T/snapshot_derived20260506-11270-ygdy2/Build/Products/Debug-iphonesimulator -F /Applications/Xcode.app/Contents/Developer/Platforms/iPhoneSimulator.platform/Developer/Library/Frameworks -F /Applications/Xcode.app/Contents/Developer/Platforms/iPhoneSimulator.platform/Developer/SDKs/iPhoneSimulator26.4.sdk/Developer/Library/Frameworks -c -j8 -enable-batch-mode -incremental -Xcc -ivfsstatcache -Xcc /var/folders/71/c1wqy1_x26s5tgyqvfv1mhcr0000gn/T/snapshot_derived20260506-11270-ygdy2/SDKStatCaches.noindex/iphonesimulator26.4-23E252-686eebb5dc1d8ecb277353a59184f4aa.sdkstatcache -output-file-map /var/folders/71/c1wqy1_x26s5tgyqvfv1mhcr0000gn/T/snapshot_derived20260506-11270-ygdy2/Build/Intermediates.noindex/PicStrip.build/Debug-iphonesimulator/PicStripUITests.build/Objects-normal/arm64/PicStripUITests-OutputFileMap.json -use-frontend-parseable-output -save-temps -no-color-diagnostics -explicit-module-build -module-cache-path /var/folders/71/c1wqy1_x26s5tgyqvfv1mhcr0000gn/T/snapshot_derived20260506-11270-ygdy2/Build/Intermediates.noindex/SwiftExplicitPrecompiledModules -clang-scanner-module-cache-path /var/folders/71/c1wqy1_x26s5tgyqvfv1mhcr0000gn/T/snapshot_derived20260506-11270-ygdy2/ModuleCache.noindex -sdk-module-cache-path /var/folders/71/c1wqy1_x26s5tgyqvfv1mhcr0000gn/T/snapshot_derived20260506-11270-ygdy2/ModuleCache.noindex -serialize-diagnostics -emit-dependencies -emit-module -emit-module-path /var/folders/71/c1wqy1_x26s5tgyqvfv1mhcr0000gn/T/snapshot_derived20260506-11270-ygdy2/Build/Intermediates.noindex/PicStrip.build/Debug-iphonesimulator/PicStripUITests.build/Objects-normal/arm64/PicStripUITests.swiftmodule -validate-clang-modules-once -clang-build-session-file /var/folders/71/c1wqy1_x26s5tgyqvfv1mhcr0000gn/T/snapshot_derived20260506-11270-ygdy2/ModuleCache.noindex/Session.modulevalidation -Xcc -I/var/folders/71/c1wqy1_x26s5tgyqvfv1mhcr0000gn/T/snapshot_derived20260506-11270-ygdy2/Build/Intermediates.noindex/PicStrip.build/Debug-iphonesimulator/PicStripUITests.build/swift-overrides.hmap -emit-const-values -Xfrontend -const-gather-protocols-file -Xfrontend /var/folders/71/c1wqy1_x26s5tgyqvfv1mhcr0000gn/T/snapshot_derived20260506-11270-ygdy2/Build/Intermediates.noindex/PicStrip.build/Debug-iphonesimulator/PicStripUITests.build/Objects-normal/arm64/PicStripUITests_const_extract_protocols.json -Xcc -iquote -Xcc /var/folders/71/c1wqy1_x26s5tgyqvfv1mhcr0000gn/T/snapshot_derived20260506-11270-ygdy2/Build/Intermediates.noindex/PicStrip.build/Debug-iphonesimulator/PicStripUITests.build/PicStripUITests-generated-files.hmap -Xcc -I/var/folders/71/c1wqy1_x26s5tgyqvfv1mhcr0000gn/T/snapshot_derived20260506-11270-ygdy2/Build/Intermediates.noindex/PicStrip.build/Debug-iphonesimulator/PicStripUITests.build/PicStripUITests-own-target-headers.hmap -Xcc -I/var/folders/71/c1wqy1_x26s5tgyqvfv1mhcr0000gn/T/snapshot_derived20260506-11270-ygdy2/Build/Intermediates.noindex/PicStrip.build/Debug-iphonesimulator/PicStripUITests.build/PicStripUITests-all-target-headers.hmap -Xcc -iquote -Xcc /var/folders/71/c1wqy1_x26s5tgyqvfv1mhcr0000gn/T/snapshot_derived20260506-11270-ygdy2/Build/Intermediates.noindex/PicStrip.build/Debug-iphonesimulator/PicStripUITests.build/PicStripUITests-project-headers.hmap -Xcc -I/var/folders/71/c1wqy1_x26s5tgyqvfv1mhcr0000gn/T/snapshot_derived20260506-11270-ygdy2/Build/Products/Debug-iphonesimulator/include -Xcc -I/var/folders/71/c1wqy1_x26s5tgyqvfv1mhcr0000gn/T/snapshot_derived20260506-11270-ygdy2/Build/Intermediates.noindex/PicStrip.build/Debug-iphonesimulator/PicStripUITests.build/DerivedSources-normal/arm64 -Xcc -I/var/folders/71/c1wqy1_x26s5tgyqvfv1mhcr0000gn/T/snapshot_derived20260506-11270-ygdy2/Build/Intermediates.noindex/PicStrip.build/Debug-iphonesimulator/PicStripUITests.build/DerivedSources/arm64 -Xcc -I/var/folders/71/c1wqy1_x26s5tgyqvfv1mhcr0000gn/T/snapshot_derived20260506-11270-ygdy2/Build/Intermediates.noindex/PicStrip.build/Debug-iphonesimulator/PicStripUITests.build/DerivedSources -Xcc -DDEBUG\=1 -emit-objc-header -emit-objc-header-path /var/folders/71/c1wqy1_x26s5tgyqvfv1mhcr0000gn/T/snapshot_derived20260506-11270-ygdy2/Build/Intermediates.noindex/PicStrip.build/Debug-iphonesimulator/PicStripUITests.build/Objects-normal/arm64/PicStripUITests-Swift.h -working-directory /Users/eddie/Development/PicStrip -experimental-emit-module-separately -disable-cmo

ProcessInfoPlistFile /var/folders/71/c1wqy1_x26s5tgyqvfv1mhcr0000gn/T/snapshot_derived20260506-11270-ygdy2/Build/Products/Debug-iphonesimulator/PicStrip.app/Info.plist /var/folders/71/c1wqy1_x26s5tgyqvfv1mhcr0000gn/T/snapshot_derived20260506-11270-ygdy2/Build/Intermediates.noindex/PicStrip.build/Debug-iphonesimulator/PicStrip.build/empty-PicStrip.plist (in target 'PicStrip' from project 'PicStrip')
    cd /Users/eddie/Development/PicStrip
    builtin-infoPlistUtility /var/folders/71/c1wqy1_x26s5tgyqvfv1mhcr0000gn/T/snapshot_derived20260506-11270-ygdy2/Build/Intermediates.noindex/PicStrip.build/Debug-iphonesimulator/PicStrip.build/empty-PicStrip.plist -producttype com.apple.product-type.application -genpkginfo /var/folders/71/c1wqy1_x26s5tgyqvfv1mhcr0000gn/T/snapshot_derived20260506-11270-ygdy2/Build/Products/Debug-iphonesimulator/PicStrip.app/PkgInfo -expandbuildsettings -format binary -platform iphonesimulator -additionalcontentfile /var/folders/71/c1wqy1_x26s5tgyqvfv1mhcr0000gn/T/snapshot_derived20260506-11270-ygdy2/Build/Intermediates.noindex/PicStrip.build/Debug-iphonesimulator/PicStrip.build/assetcatalog_generated_info.plist -scanforprivacyfile /var/folders/71/c1wqy1_x26s5tgyqvfv1mhcr0000gn/T/snapshot_derived20260506-11270-ygdy2/Build/Products/Debug-iphonesimulator/PicStrip.app/PlugIns/PicStripShareExtension.appex -o /var/folders/71/c1wqy1_x26s5tgyqvfv1mhcr0000gn/T/snapshot_derived20260506-11270-ygdy2/Build/Products/Debug-iphonesimulator/PicStrip.app/Info.plist

CopySwiftLibs /var/folders/71/c1wqy1_x26s5tgyqvfv1mhcr0000gn/T/snapshot_derived20260506-11270-ygdy2/Build/Products/Debug-iphonesimulator/PicStrip.app (in target 'PicStrip' from project 'PicStrip')
    cd /Users/eddie/Development/PicStrip
    builtin-swiftStdLibTool --copy --verbose --scan-executable /var/folders/71/c1wqy1_x26s5tgyqvfv1mhcr0000gn/T/snapshot_derived20260506-11270-ygdy2/Build/Products/Debug-iphonesimulator/PicStrip.app/PicStrip.debug.dylib --scan-folder /var/folders/71/c1wqy1_x26s5tgyqvfv1mhcr0000gn/T/snapshot_derived20260506-11270-ygdy2/Build/Products/Debug-iphonesimulator/PicStrip.app/Frameworks --scan-folder /var/folders/71/c1wqy1_x26s5tgyqvfv1mhcr0000gn/T/snapshot_derived20260506-11270-ygdy2/Build/Products/Debug-iphonesimulator/PicStrip.app/PlugIns --scan-folder /var/folders/71/c1wqy1_x26s5tgyqvfv1mhcr0000gn/T/snapshot_derived20260506-11270-ygdy2/Build/Products/Debug-iphonesimulator/PicStrip.app/SystemExtensions --scan-folder /var/folders/71/c1wqy1_x26s5tgyqvfv1mhcr0000gn/T/snapshot_derived20260506-11270-ygdy2/Build/Products/Debug-iphonesimulator/PicStrip.app/Extensions --scan-folder /Applications/Xcode.app/Contents/Developer/Platforms/iPhoneSimulator.platform/Developer/SDKs/iPhoneSimulator26.4.sdk/System/Library/Frameworks/AppIntents.framework --platform iphonesimulator --toolchain /Applications/Xcode.app/Contents/Developer/Toolchains/XcodeDefault.xctoolchain --destination /var/folders/71/c1wqy1_x26s5tgyqvfv1mhcr0000gn/T/snapshot_derived20260506-11270-ygdy2/Build/Products/Debug-iphonesimulator/PicStrip.app/Frameworks --strip-bitcode --strip-bitcode-tool /Applications/Xcode.app/Contents/Developer/Toolchains/XcodeDefault.xctoolchain/usr/bin/bitcode_strip --emit-dependency-info /var/folders/71/c1wqy1_x26s5tgyqvfv1mhcr0000gn/T/snapshot_derived20260506-11270-ygdy2/Build/Intermediates.noindex/PicStrip.build/Debug-iphonesimulator/PicStrip.build/SwiftStdLibToolInputDependencies.dep --filter-for-swift-os
Ignoring --strip-bitcode because --sign was not passed

ValidateEmbeddedBinary /var/folders/71/c1wqy1_x26s5tgyqvfv1mhcr0000gn/T/snapshot_derived20260506-11270-ygdy2/Build/Products/Debug-iphonesimulator/PicStrip.app/PlugIns/PicStripShareExtension.appex (in target 'PicStrip' from project 'PicStrip')
    cd /Users/eddie/Development/PicStrip
    /Applications/Xcode.app/Contents/Developer/usr/bin/embeddedBinaryValidationUtility /var/folders/71/c1wqy1_x26s5tgyqvfv1mhcr0000gn/T/snapshot_derived20260506-11270-ygdy2/Build/Products/Debug-iphonesimulator/PicStrip.app/PlugIns/PicStripShareExtension.appex -info-plist-path /var/folders/71/c1wqy1_x26s5tgyqvfv1mhcr0000gn/T/snapshot_derived20260506-11270-ygdy2/Build/Products/Debug-iphonesimulator/PicStrip.app/Info.plist

ProcessInfoPlistFile /var/folders/71/c1wqy1_x26s5tgyqvfv1mhcr0000gn/T/snapshot_derived20260506-11270-ygdy2/Build/Products/Debug-iphonesimulator/PicStripUITests-Runner.app/PlugIns/PicStripUITests.xctest/Info.plist /var/folders/71/c1wqy1_x26s5tgyqvfv1mhcr0000gn/T/snapshot_derived20260506-11270-ygdy2/Build/Intermediates.noindex/PicStrip.build/Debug-iphonesimulator/PicStripUITests.build/empty-PicStripUITests.plist (in target 'PicStripUITests' from project 'PicStrip')
    cd /Users/eddie/Development/PicStrip
    builtin-infoPlistUtility /var/folders/71/c1wqy1_x26s5tgyqvfv1mhcr0000gn/T/snapshot_derived20260506-11270-ygdy2/Build/Intermediates.noindex/PicStrip.build/Debug-iphonesimulator/PicStripUITests.build/empty-PicStripUITests.plist -producttype com.apple.product-type.bundle.ui-testing -expandbuildsettings -format binary -platform iphonesimulator -additionalcontentfile /var/folders/71/c1wqy1_x26s5tgyqvfv1mhcr0000gn/T/snapshot_derived20260506-11270-ygdy2/Build/Intermediates.noindex/PicStrip.build/Debug-iphonesimulator/PicStripUITests.build/ProductTypeInfoPlistAdditions.plist -o /var/folders/71/c1wqy1_x26s5tgyqvfv1mhcr0000gn/T/snapshot_derived20260506-11270-ygdy2/Build/Products/Debug-iphonesimulator/PicStripUITests-Runner.app/PlugIns/PicStripUITests.xctest/Info.plist

CopyPNGFile /var/folders/71/c1wqy1_x26s5tgyqvfv1mhcr0000gn/T/snapshot_derived20260506-11270-ygdy2/Build/Products/Debug-iphonesimulator/PicStripUITests-Runner.app/PlugIns/PicStripUITests.xctest/test_list.png /Users/eddie/Development/PicStrip/PicStripUITests/test_list.png (in target 'PicStripUITests' from project 'PicStrip')
    cd /Users/eddie/Development/PicStrip
    /Applications/Xcode.app/Contents/Developer/usr/bin/copypng -compress -strip-PNG-text /Users/eddie/Development/PicStrip/PicStripUITests/test_list.png /var/folders/71/c1wqy1_x26s5tgyqvfv1mhcr0000gn/T/snapshot_derived20260506-11270-ygdy2/Build/Products/Debug-iphonesimulator/PicStripUITests-Runner.app/PlugIns/PicStripUITests.xctest/test_list.png
libpng warning: Warning: Input PNG does not have an 8 bit input depth.  Please convert your PNG to 8-bit for optimal performance on iPhone OS.

SwiftExplicitDependencyGeneratePcm arm64 /var/folders/71/c1wqy1_x26s5tgyqvfv1mhcr0000gn/T/snapshot_derived20260506-11270-ygdy2/Build/Intermediates.noindex/SwiftExplicitPrecompiledModules/XCUIAutomation-89Q2HWJURW6DCDP9KZIRJJ6ZH.pcm

SwiftExplicitDependencyGeneratePcm arm64 /var/folders/71/c1wqy1_x26s5tgyqvfv1mhcr0000gn/T/snapshot_derived20260506-11270-ygdy2/Build/Intermediates.noindex/SwiftExplicitPrecompiledModules/XCTest-EZ83QRJ6A67D946W5YX3VN167.pcm

SwiftExplicitDependencyCompileModuleFromInterface arm64 /var/folders/71/c1wqy1_x26s5tgyqvfv1mhcr0000gn/T/snapshot_derived20260506-11270-ygdy2/Build/Intermediates.noindex/SwiftExplicitPrecompiledModules/XCUIAutomation-2E6FHO8AAPHKB.swiftmodule

SwiftExplicitDependencyCompileModuleFromInterface arm64 /var/folders/71/c1wqy1_x26s5tgyqvfv1mhcr0000gn/T/snapshot_derived20260506-11270-ygdy2/Build/Intermediates.noindex/SwiftExplicitPrecompiledModules/XCTest-2LAYZWUBM2BTL.swiftmodule

SwiftEmitModule normal arm64 Emitting\ module\ for\ PicStripUITests (in target 'PicStripUITests' from project 'PicStrip')

EmitSwiftModule normal arm64 (in target 'PicStripUITests' from project 'PicStrip')
    cd /Users/eddie/Development/PicStrip
    

SwiftCompile normal arm64 Compiling\ PicStripUITests.swift /Users/eddie/Development/PicStrip/PicStripUITests/PicStripUITests.swift (in target 'PicStripUITests' from project 'PicStrip')
SwiftCompile normal arm64 /Users/eddie/Development/PicStrip/PicStripUITests/PicStripUITests.swift (in target 'PicStripUITests' from project 'PicStrip')
    cd /Users/eddie/Development/PicStrip
    

SwiftCompile normal arm64 Compiling\ SnapshotHelper.swift /Users/eddie/Development/PicStrip/PicStripUITests/SnapshotHelper.swift (in target 'PicStripUITests' from project 'PicStrip')
SwiftCompile normal arm64 /Users/eddie/Development/PicStrip/PicStripUITests/SnapshotHelper.swift (in target 'PicStripUITests' from project 'PicStrip')
    cd /Users/eddie/Development/PicStrip
    

SwiftCompile normal arm64 Compiling\ PicStripUITestsLaunchTests.swift /Users/eddie/Development/PicStrip/PicStripUITests/PicStripUITestsLaunchTests.swift (in target 'PicStripUITests' from project 'PicStrip')

SwiftCompile normal arm64 /Users/eddie/Development/PicStrip/PicStripUITests/PicStripUITestsLaunchTests.swift (in target 'PicStripUITests' from project 'PicStrip')
    cd /Users/eddie/Development/PicStrip
    

SwiftDriverJobDiscovery normal arm64 Emitting module for PicStripUITests (in target 'PicStripUITests' from project 'PicStrip')

SwiftDriver\ Compilation\ Requirements PicStripUITests normal arm64 com.apple.xcode.tools.swift.compiler (in target 'PicStripUITests' from project 'PicStrip')
    cd /Users/eddie/Development/PicStrip
    builtin-Swift-Compilation-Requirements -- /Applications/Xcode.app/Contents/Developer/Toolchains/XcodeDefault.xctoolchain/usr/bin/swiftc -module-name PicStripUITests -Onone @/var/folders/71/c1wqy1_x26s5tgyqvfv1mhcr0000gn/T/snapshot_derived20260506-11270-ygdy2/Build/Intermediates.noindex/PicStrip.build/Debug-iphonesimulator/PicStripUITests.build/Objects-normal/arm64/PicStripUITests.SwiftFileList -DDEBUG -module-alias Testing\=_Testing_Unavailable -plugin-path /Applications/Xcode.app/Contents/Developer/Toolchains/XcodeDefault.xctoolchain/usr/lib/swift/host/plugins/testing -enable-bare-slash-regex -enable-upcoming-feature DisableOutwardActorInference -enable-upcoming-feature InferSendableFromCaptures -enable-upcoming-feature GlobalActorIsolatedTypesUsability -enable-upcoming-feature MemberImportVisibility -enable-upcoming-feature InferIsolatedConformances -enable-upcoming-feature NonisolatedNonsendingByDefault -enable-experimental-feature DebugDescriptionMacro -sdk /Applications/Xcode.app/Contents/Developer/Platforms/iPhoneSimulator.platform/Developer/SDKs/iPhoneSimulator26.4.sdk -target arm64-apple-ios17.0-simulator -g -module-cache-path /var/folders/71/c1wqy1_x26s5tgyqvfv1mhcr0000gn/T/snapshot_derived20260506-11270-ygdy2/ModuleCache.noindex -Xfrontend -serialize-debugging-options -enable-testing -index-store-path /var/folders/71/c1wqy1_x26s5tgyqvfv1mhcr0000gn/T/snapshot_derived20260506-11270-ygdy2/Index.noindex/DataStore -Xcc -D_LIBCPP_HARDENING_MODE\=_LIBCPP_HARDENING_MODE_DEBUG -swift-version 5 -I /var/folders/71/c1wqy1_x26s5tgyqvfv1mhcr0000gn/T/snapshot_derived20260506-11270-ygdy2/Build/Products/Debug-iphonesimulator -Isystem /Applications/Xcode.app/Contents/Developer/Platforms/iPhoneSimulator.platform/Developer/usr/lib -F /var/folders/71/c1wqy1_x26s5tgyqvfv1mhcr0000gn/T/snapshot_derived20260506-11270-ygdy2/Build/Products/Debug-iphonesimulator -F /Applications/Xcode.app/Contents/Developer/Platforms/iPhoneSimulator.platform/Developer/Library/Frameworks -F /Applications/Xcode.app/Contents/Developer/Platforms/iPhoneSimulator.platform/Developer/SDKs/iPhoneSimulator26.4.sdk/Developer/Library/Frameworks -c -j8 -enable-batch-mode -incremental -Xcc -ivfsstatcache -Xcc /var/folders/71/c1wqy1_x26s5tgyqvfv1mhcr0000gn/T/snapshot_derived20260506-11270-ygdy2/SDKStatCaches.noindex/iphonesimulator26.4-23E252-686eebb5dc1d8ecb277353a59184f4aa.sdkstatcache -output-file-map /var/folders/71/c1wqy1_x26s5tgyqvfv1mhcr0000gn/T/snapshot_derived20260506-11270-ygdy2/Build/Intermediates.noindex/PicStrip.build/Debug-iphonesimulator/PicStripUITests.build/Objects-normal/arm64/PicStripUITests-OutputFileMap.json -use-frontend-parseable-output -save-temps -no-color-diagnostics -explicit-module-build -module-cache-path /var/folders/71/c1wqy1_x26s5tgyqvfv1mhcr0000gn/T/snapshot_derived20260506-11270-ygdy2/Build/Intermediates.noindex/SwiftExplicitPrecompiledModules -clang-scanner-module-cache-path /var/folders/71/c1wqy1_x26s5tgyqvfv1mhcr0000gn/T/snapshot_derived20260506-11270-ygdy2/ModuleCache.noindex -sdk-module-cache-path /var/folders/71/c1wqy1_x26s5tgyqvfv1mhcr0000gn/T/snapshot_derived20260506-11270-ygdy2/ModuleCache.noindex -serialize-diagnostics -emit-dependencies -emit-module -emit-module-path /var/folders/71/c1wqy1_x26s5tgyqvfv1mhcr0000gn/T/snapshot_derived20260506-11270-ygdy2/Build/Intermediates.noindex/PicStrip.build/Debug-iphonesimulator/PicStripUITests.build/Objects-normal/arm64/PicStripUITests.swiftmodule -validate-clang-modules-once -clang-build-session-file /var/folders/71/c1wqy1_x26s5tgyqvfv1mhcr0000gn/T/snapshot_derived20260506-11270-ygdy2/ModuleCache.noindex/Session.modulevalidation -Xcc -I/var/folders/71/c1wqy1_x26s5tgyqvfv1mhcr0000gn/T/snapshot_derived20260506-11270-ygdy2/Build/Intermediates.noindex/PicStrip.build/Debug-iphonesimulator/PicStripUITests.build/swift-overrides.hmap -emit-const-values -Xfrontend -const-gather-protocols-file -Xfrontend /var/folders/71/c1wqy1_x26s5tgyqvfv1mhcr0000gn/T/snapshot_derived20260506-11270-ygdy2/Build/Intermediates.noindex/PicStrip.build/Debug-iphonesimulator/PicStripUITests.build/Objects-normal/arm64/PicStripUITests_const_extract_protocols.json -Xcc -iquote -Xcc /var/folders/71/c1wqy1_x26s5tgyqvfv1mhcr0000gn/T/snapshot_derived20260506-11270-ygdy2/Build/Intermediates.noindex/PicStrip.build/Debug-iphonesimulator/PicStripUITests.build/PicStripUITests-generated-files.hmap -Xcc -I/var/folders/71/c1wqy1_x26s5tgyqvfv1mhcr0000gn/T/snapshot_derived20260506-11270-ygdy2/Build/Intermediates.noindex/PicStrip.build/Debug-iphonesimulator/PicStripUITests.build/PicStripUITests-own-target-headers.hmap -Xcc -I/var/folders/71/c1wqy1_x26s5tgyqvfv1mhcr0000gn/T/snapshot_derived20260506-11270-ygdy2/Build/Intermediates.noindex/PicStrip.build/Debug-iphonesimulator/PicStripUITests.build/PicStripUITests-all-target-headers.hmap -Xcc -iquote -Xcc /var/folders/71/c1wqy1_x26s5tgyqvfv1mhcr0000gn/T/snapshot_derived20260506-11270-ygdy2/Build/Intermediates.noindex/PicStrip.build/Debug-iphonesimulator/PicStripUITests.build/PicStripUITests-project-headers.hmap -Xcc -I/var/folders/71/c1wqy1_x26s5tgyqvfv1mhcr0000gn/T/snapshot_derived20260506-11270-ygdy2/Build/Products/Debug-iphonesimulator/include -Xcc -I/var/folders/71/c1wqy1_x26s5tgyqvfv1mhcr0000gn/T/snapshot_derived20260506-11270-ygdy2/Build/Intermediates.noindex/PicStrip.build/Debug-iphonesimulator/PicStripUITests.build/DerivedSources-normal/arm64 -Xcc -I/var/folders/71/c1wqy1_x26s5tgyqvfv1mhcr0000gn/T/snapshot_derived20260506-11270-ygdy2/Build/Intermediates.noindex/PicStrip.build/Debug-iphonesimulator/PicStripUITests.build/DerivedSources/arm64 -Xcc -I/var/folders/71/c1wqy1_x26s5tgyqvfv1mhcr0000gn/T/snapshot_derived20260506-11270-ygdy2/Build/Intermediates.noindex/PicStrip.build/Debug-iphonesimulator/PicStripUITests.build/DerivedSources -Xcc -DDEBUG\=1 -emit-objc-header -emit-objc-header-path /var/folders/71/c1wqy1_x26s5tgyqvfv1mhcr0000gn/T/snapshot_derived20260506-11270-ygdy2/Build/Intermediates.noindex/PicStrip.build/Debug-iphonesimulator/PicStripUITests.build/Objects-normal/arm64/PicStripUITests-Swift.h -working-directory /Users/eddie/Development/PicStrip -experimental-emit-module-separately -disable-cmo

SwiftMergeGeneratedHeaders /var/folders/71/c1wqy1_x26s5tgyqvfv1mhcr0000gn/T/snapshot_derived20260506-11270-ygdy2/Build/Intermediates.noindex/PicStrip.build/Debug-iphonesimulator/PicStripUITests.build/DerivedSources/PicStripUITests-Swift.h /var/folders/71/c1wqy1_x26s5tgyqvfv1mhcr0000gn/T/snapshot_derived20260506-11270-ygdy2/Build/Intermediates.noindex/PicStrip.build/Debug-iphonesimulator/PicStripUITests.build/Objects-normal/arm64/PicStripUITests-Swift.h (in target 'PicStripUITests' from project 'PicStrip')
    cd /Users/eddie/Development/PicStrip
    builtin-swiftHeaderTool -arch arm64 /var/folders/71/c1wqy1_x26s5tgyqvfv1mhcr0000gn/T/snapshot_derived20260506-11270-ygdy2/Build/Intermediates.noindex/PicStrip.build/Debug-iphonesimulator/PicStripUITests.build/Objects-normal/arm64/PicStripUITests-Swift.h -o /var/folders/71/c1wqy1_x26s5tgyqvfv1mhcr0000gn/T/snapshot_derived20260506-11270-ygdy2/Build/Intermediates.noindex/PicStrip.build/Debug-iphonesimulator/PicStripUITests.build/DerivedSources/PicStripUITests-Swift.h

Copy /var/folders/71/c1wqy1_x26s5tgyqvfv1mhcr0000gn/T/snapshot_derived20260506-11270-ygdy2/Build/Products/Debug-iphonesimulator/PicStripUITests.swiftmodule/arm64-apple-ios-simulator.abi.json /var/folders/71/c1wqy1_x26s5tgyqvfv1mhcr0000gn/T/snapshot_derived20260506-11270-ygdy2/Build/Intermediates.noindex/PicStrip.build/Debug-iphonesimulator/PicStripUITests.build/Objects-normal/arm64/PicStripUITests.abi.json (in target 'PicStripUITests' from project 'PicStrip')
    cd /Users/eddie/Development/PicStrip
    builtin-copy -exclude .DS_Store -exclude CVS -exclude .svn -exclude .git -exclude .hg -resolve-src-symlinks -rename /var/folders/71/c1wqy1_x26s5tgyqvfv1mhcr0000gn/T/snapshot_derived20260506-11270-ygdy2/Build/Intermediates.noindex/PicStrip.build/Debug-iphonesimulator/PicStripUITests.build/Objects-normal/arm64/PicStripUITests.abi.json /var/folders/71/c1wqy1_x26s5tgyqvfv1mhcr0000gn/T/snapshot_derived20260506-11270-ygdy2/Build/Products/Debug-iphonesimulator/PicStripUITests.swiftmodule/arm64-apple-ios-simulator.abi.json

Copy /var/folders/71/c1wqy1_x26s5tgyqvfv1mhcr0000gn/T/snapshot_derived20260506-11270-ygdy2/Build/Products/Debug-iphonesimulator/PicStripUITests.swiftmodule/arm64-apple-ios-simulator.swiftdoc /var/folders/71/c1wqy1_x26s5tgyqvfv1mhcr0000gn/T/snapshot_derived20260506-11270-ygdy2/Build/Intermediates.noindex/PicStrip.build/Debug-iphonesimulator/PicStripUITests.build/Objects-normal/arm64/PicStripUITests.swiftdoc (in target 'PicStripUITests' from project 'PicStrip')
    cd /Users/eddie/Development/PicStrip
    builtin-copy -exclude .DS_Store -exclude CVS -exclude .svn -exclude .git -exclude .hg -resolve-src-symlinks -rename /var/folders/71/c1wqy1_x26s5tgyqvfv1mhcr0000gn/T/snapshot_derived20260506-11270-ygdy2/Build/Intermediates.noindex/PicStrip.build/Debug-iphonesimulator/PicStripUITests.build/Objects-normal/arm64/PicStripUITests.swiftdoc /var/folders/71/c1wqy1_x26s5tgyqvfv1mhcr0000gn/T/snapshot_derived20260506-11270-ygdy2/Build/Products/Debug-iphonesimulator/PicStripUITests.swiftmodule/arm64-apple-ios-simulator.swiftdoc

Copy /var/folders/71/c1wqy1_x26s5tgyqvfv1mhcr0000gn/T/snapshot_derived20260506-11270-ygdy2/Build/Products/Debug-iphonesimulator/PicStripUITests.swiftmodule/arm64-apple-ios-simulator.swiftmodule /var/folders/71/c1wqy1_x26s5tgyqvfv1mhcr0000gn/T/snapshot_derived20260506-11270-ygdy2/Build/Intermediates.noindex/PicStrip.build/Debug-iphonesimulator/PicStripUITests.build/Objects-normal/arm64/PicStripUITests.swiftmodule (in target 'PicStripUITests' from project 'PicStrip')
    cd /Users/eddie/Development/PicStrip
    builtin-copy -exclude .DS_Store -exclude CVS -exclude .svn -exclude .git -exclude .hg -resolve-src-symlinks -rename /var/folders/71/c1wqy1_x26s5tgyqvfv1mhcr0000gn/T/snapshot_derived20260506-11270-ygdy2/Build/Intermediates.noindex/PicStrip.build/Debug-iphonesimulator/PicStripUITests.build/Objects-normal/arm64/PicStripUITests.swiftmodule /var/folders/71/c1wqy1_x26s5tgyqvfv1mhcr0000gn/T/snapshot_derived20260506-11270-ygdy2/Build/Products/Debug-iphonesimulator/PicStripUITests.swiftmodule/arm64-apple-ios-simulator.swiftmodule

Copy /var/folders/71/c1wqy1_x26s5tgyqvfv1mhcr0000gn/T/snapshot_derived20260506-11270-ygdy2/Build/Products/Debug-iphonesimulator/PicStripUITests.swiftmodule/Project/arm64-apple-ios-simulator.swiftsourceinfo /var/folders/71/c1wqy1_x26s5tgyqvfv1mhcr0000gn/T/snapshot_derived20260506-11270-ygdy2/Build/Intermediates.noindex/PicStrip.build/Debug-iphonesimulator/PicStripUITests.build/Objects-normal/arm64/PicStripUITests.swiftsourceinfo (in target 'PicStripUITests' from project 'PicStrip')
    cd /Users/eddie/Development/PicStrip
    builtin-copy -exclude .DS_Store -exclude CVS -exclude .svn -exclude .git -exclude .hg -resolve-src-symlinks -rename /var/folders/71/c1wqy1_x26s5tgyqvfv1mhcr0000gn/T/snapshot_derived20260506-11270-ygdy2/Build/Intermediates.noindex/PicStrip.build/Debug-iphonesimulator/PicStripUITests.build/Objects-normal/arm64/PicStripUITests.swiftsourceinfo /var/folders/71/c1wqy1_x26s5tgyqvfv1mhcr0000gn/T/snapshot_derived20260506-11270-ygdy2/Build/Products/Debug-iphonesimulator/PicStripUITests.swiftmodule/Project/arm64-apple-ios-simulator.swiftsourceinfo

SwiftDriverJobDiscovery normal arm64 Compiling PicStripUITestsLaunchTests.swift (in target 'PicStripUITests' from project 'PicStrip')

SwiftDriverJobDiscovery normal arm64 Compiling PicStripUITests.swift (in target 'PicStripUITests' from project 'PicStrip')

SwiftDriverJobDiscovery normal arm64 Compiling SnapshotHelper.swift (in target 'PicStripUITests' from project 'PicStrip')

SwiftDriver\ Compilation PicStripUITests normal arm64 com.apple.xcode.tools.swift.compiler (in target 'PicStripUITests' from project 'PicStrip')
    cd /Users/eddie/Development/PicStrip
    builtin-Swift-Compilation -- /Applications/Xcode.app/Contents/Developer/Toolchains/XcodeDefault.xctoolchain/usr/bin/swiftc -module-name PicStripUITests -Onone @/var/folders/71/c1wqy1_x26s5tgyqvfv1mhcr0000gn/T/snapshot_derived20260506-11270-ygdy2/Build/Intermediates.noindex/PicStrip.build/Debug-iphonesimulator/PicStripUITests.build/Objects-normal/arm64/PicStripUITests.SwiftFileList -DDEBUG -module-alias Testing\=_Testing_Unavailable -plugin-path /Applications/Xcode.app/Contents/Developer/Toolchains/XcodeDefault.xctoolchain/usr/lib/swift/host/plugins/testing -enable-bare-slash-regex -enable-upcoming-feature DisableOutwardActorInference -enable-upcoming-feature InferSendableFromCaptures -enable-upcoming-feature GlobalActorIsolatedTypesUsability -enable-upcoming-feature MemberImportVisibility -enable-upcoming-feature InferIsolatedConformances -enable-upcoming-feature NonisolatedNonsendingByDefault -enable-experimental-feature DebugDescriptionMacro -sdk /Applications/Xcode.app/Contents/Developer/Platforms/iPhoneSimulator.platform/Developer/SDKs/iPhoneSimulator26.4.sdk -target arm64-apple-ios17.0-simulator -g -module-cache-path /var/folders/71/c1wqy1_x26s5tgyqvfv1mhcr0000gn/T/snapshot_derived20260506-11270-ygdy2/ModuleCache.noindex -Xfrontend -serialize-debugging-options -enable-testing -index-store-path /var/folders/71/c1wqy1_x26s5tgyqvfv1mhcr0000gn/T/snapshot_derived20260506-11270-ygdy2/Index.noindex/DataStore -Xcc -D_LIBCPP_HARDENING_MODE\=_LIBCPP_HARDENING_MODE_DEBUG -swift-version 5 -I /var/folders/71/c1wqy1_x26s5tgyqvfv1mhcr0000gn/T/snapshot_derived20260506-11270-ygdy2/Build/Products/Debug-iphonesimulator -Isystem /Applications/Xcode.app/Contents/Developer/Platforms/iPhoneSimulator.platform/Developer/usr/lib -F /var/folders/71/c1wqy1_x26s5tgyqvfv1mhcr0000gn/T/snapshot_derived20260506-11270-ygdy2/Build/Products/Debug-iphonesimulator -F /Applications/Xcode.app/Contents/Developer/Platforms/iPhoneSimulator.platform/Developer/Library/Frameworks -F /Applications/Xcode.app/Contents/Developer/Platforms/iPhoneSimulator.platform/Developer/SDKs/iPhoneSimulator26.4.sdk/Developer/Library/Frameworks -c -j8 -enable-batch-mode -incremental -Xcc -ivfsstatcache -Xcc /var/folders/71/c1wqy1_x26s5tgyqvfv1mhcr0000gn/T/snapshot_derived20260506-11270-ygdy2/SDKStatCaches.noindex/iphonesimulator26.4-23E252-686eebb5dc1d8ecb277353a59184f4aa.sdkstatcache -output-file-map /var/folders/71/c1wqy1_x26s5tgyqvfv1mhcr0000gn/T/snapshot_derived20260506-11270-ygdy2/Build/Intermediates.noindex/PicStrip.build/Debug-iphonesimulator/PicStripUITests.build/Objects-normal/arm64/PicStripUITests-OutputFileMap.json -use-frontend-parseable-output -save-temps -no-color-diagnostics -explicit-module-build -module-cache-path /var/folders/71/c1wqy1_x26s5tgyqvfv1mhcr0000gn/T/snapshot_derived20260506-11270-ygdy2/Build/Intermediates.noindex/SwiftExplicitPrecompiledModules -clang-scanner-module-cache-path /var/folders/71/c1wqy1_x26s5tgyqvfv1mhcr0000gn/T/snapshot_derived20260506-11270-ygdy2/ModuleCache.noindex -sdk-module-cache-path /var/folders/71/c1wqy1_x26s5tgyqvfv1mhcr0000gn/T/snapshot_derived20260506-11270-ygdy2/ModuleCache.noindex -serialize-diagnostics -emit-dependencies -emit-module -emit-module-path /var/folders/71/c1wqy1_x26s5tgyqvfv1mhcr0000gn/T/snapshot_derived20260506-11270-ygdy2/Build/Intermediates.noindex/PicStrip.build/Debug-iphonesimulator/PicStripUITests.build/Objects-normal/arm64/PicStripUITests.swiftmodule -validate-clang-modules-once -clang-build-session-file /var/folders/71/c1wqy1_x26s5tgyqvfv1mhcr0000gn/T/snapshot_derived20260506-11270-ygdy2/ModuleCache.noindex/Session.modulevalidation -Xcc -I/var/folders/71/c1wqy1_x26s5tgyqvfv1mhcr0000gn/T/snapshot_derived20260506-11270-ygdy2/Build/Intermediates.noindex/PicStrip.build/Debug-iphonesimulator/PicStripUITests.build/swift-overrides.hmap -emit-const-values -Xfrontend -const-gather-protocols-file -Xfrontend /var/folders/71/c1wqy1_x26s5tgyqvfv1mhcr0000gn/T/snapshot_derived20260506-11270-ygdy2/Build/Intermediates.noindex/PicStrip.build/Debug-iphonesimulator/PicStripUITests.build/Objects-normal/arm64/PicStripUITests_const_extract_protocols.json -Xcc -iquote -Xcc /var/folders/71/c1wqy1_x26s5tgyqvfv1mhcr0000gn/T/snapshot_derived20260506-11270-ygdy2/Build/Intermediates.noindex/PicStrip.build/Debug-iphonesimulator/PicStripUITests.build/PicStripUITests-generated-files.hmap -Xcc -I/var/folders/71/c1wqy1_x26s5tgyqvfv1mhcr0000gn/T/snapshot_derived20260506-11270-ygdy2/Build/Intermediates.noindex/PicStrip.build/Debug-iphonesimulator/PicStripUITests.build/PicStripUITests-own-target-headers.hmap -Xcc -I/var/folders/71/c1wqy1_x26s5tgyqvfv1mhcr0000gn/T/snapshot_derived20260506-11270-ygdy2/Build/Intermediates.noindex/PicStrip.build/Debug-iphonesimulator/PicStripUITests.build/PicStripUITests-all-target-headers.hmap -Xcc -iquote -Xcc /var/folders/71/c1wqy1_x26s5tgyqvfv1mhcr0000gn/T/snapshot_derived20260506-11270-ygdy2/Build/Intermediates.noindex/PicStrip.build/Debug-iphonesimulator/PicStripUITests.build/PicStripUITests-project-headers.hmap -Xcc -I/var/folders/71/c1wqy1_x26s5tgyqvfv1mhcr0000gn/T/snapshot_derived20260506-11270-ygdy2/Build/Products/Debug-iphonesimulator/include -Xcc -I/var/folders/71/c1wqy1_x26s5tgyqvfv1mhcr0000gn/T/snapshot_derived20260506-11270-ygdy2/Build/Intermediates.noindex/PicStrip.build/Debug-iphonesimulator/PicStripUITests.build/DerivedSources-normal/arm64 -Xcc -I/var/folders/71/c1wqy1_x26s5tgyqvfv1mhcr0000gn/T/snapshot_derived20260506-11270-ygdy2/Build/Intermediates.noindex/PicStrip.build/Debug-iphonesimulator/PicStripUITests.build/DerivedSources/arm64 -Xcc -I/var/folders/71/c1wqy1_x26s5tgyqvfv1mhcr0000gn/T/snapshot_derived20260506-11270-ygdy2/Build/Intermediates.noindex/PicStrip.build/Debug-iphonesimulator/PicStripUITests.build/DerivedSources -Xcc -DDEBUG\=1 -emit-objc-header -emit-objc-header-path /var/folders/71/c1wqy1_x26s5tgyqvfv1mhcr0000gn/T/snapshot_derived20260506-11270-ygdy2/Build/Intermediates.noindex/PicStrip.build/Debug-iphonesimulator/PicStripUITests.build/Objects-normal/arm64/PicStripUITests-Swift.h -working-directory /Users/eddie/Development/PicStrip -experimental-emit-module-separately -disable-cmo

Ld /var/folders/71/c1wqy1_x26s5tgyqvfv1mhcr0000gn/T/snapshot_derived20260506-11270-ygdy2/Build/Products/Debug-iphonesimulator/PicStripUITests-Runner.app/PlugIns/PicStripUITests.xctest/PicStripUITests normal (in target 'PicStripUITests' from project 'PicStrip')
    cd /Users/eddie/Development/PicStrip
    /Applications/Xcode.app/Contents/Developer/Toolchains/XcodeDefault.xctoolchain/usr/bin/clang -Xlinker -reproducible -target arm64-apple-ios17.0-simulator -bundle -isysroot /Applications/Xcode.app/Contents/Developer/Platforms/iPhoneSimulator.platform/Developer/SDKs/iPhoneSimulator26.4.sdk -O0 -L/var/folders/71/c1wqy1_x26s5tgyqvfv1mhcr0000gn/T/snapshot_derived20260506-11270-ygdy2/Build/Intermediates.noindex/EagerLinkingTBDs/Debug-iphonesimulator -L/var/folders/71/c1wqy1_x26s5tgyqvfv1mhcr0000gn/T/snapshot_derived20260506-11270-ygdy2/Build/Products/Debug-iphonesimulator -L/Applications/Xcode.app/Contents/Developer/Platforms/iPhoneSimulator.platform/Developer/usr/lib -F/var/folders/71/c1wqy1_x26s5tgyqvfv1mhcr0000gn/T/snapshot_derived20260506-11270-ygdy2/Build/Intermediates.noindex/EagerLinkingTBDs/Debug-iphonesimulator -F/var/folders/71/c1wqy1_x26s5tgyqvfv1mhcr0000gn/T/snapshot_derived20260506-11270-ygdy2/Build/Products/Debug-iphonesimulator -iframework /Applications/Xcode.app/Contents/Developer/Platforms/iPhoneSimulator.platform/Developer/Library/Frameworks -iframework /Applications/Xcode.app/Contents/Developer/Platforms/iPhoneSimulator.platform/Developer/SDKs/iPhoneSimulator26.4.sdk/Developer/Library/Frameworks -filelist /var/folders/71/c1wqy1_x26s5tgyqvfv1mhcr0000gn/T/snapshot_derived20260506-11270-ygdy2/Build/Intermediates.noindex/PicStrip.build/Debug-iphonesimulator/PicStripUITests.build/Objects-normal/arm64/PicStripUITests.LinkFileList -Xlinker -rpath -Xlinker /usr/lib/swift -Xlinker -rpath -Xlinker @loader_path/Frameworks -Xlinker -dead_strip -Xlinker -object_path_lto -Xlinker /var/folders/71/c1wqy1_x26s5tgyqvfv1mhcr0000gn/T/snapshot_derived20260506-11270-ygdy2/Build/Intermediates.noindex/PicStrip.build/Debug-iphonesimulator/PicStripUITests.build/Objects-normal/arm64/PicStripUITests_lto.o -rdynamic -Xlinker -no_deduplicate -Xlinker -objc_abi_version -Xlinker 2 -Xlinker -dependency_info -Xlinker /var/folders/71/c1wqy1_x26s5tgyqvfv1mhcr0000gn/T/snapshot_derived20260506-11270-ygdy2/Build/Intermediates.noindex/PicStrip.build/Debug-iphonesimulator/PicStripUITests.build/Objects-normal/arm64/PicStripUITests_dependency_info.dat -fobjc-link-runtime -L/Applications/Xcode.app/Contents/Developer/Toolchains/XcodeDefault.xctoolchain/usr/lib/swift/iphonesimulator -L/usr/lib/swift -Xlinker -add_ast_path -Xlinker /var/folders/71/c1wqy1_x26s5tgyqvfv1mhcr0000gn/T/snapshot_derived20260506-11270-ygdy2/Build/Intermediates.noindex/PicStrip.build/Debug-iphonesimulator/PicStripUITests.build/Objects-normal/arm64/PicStripUITests.swiftmodule @/var/folders/71/c1wqy1_x26s5tgyqvfv1mhcr0000gn/T/snapshot_derived20260506-11270-ygdy2/Build/Intermediates.noindex/PicStrip.build/Debug-iphonesimulator/PicStripUITests.build/Objects-normal/arm64/PicStripUITests-linker-args.resp -Xlinker -needed_framework -Xlinker XCTest -framework XCTest -Xlinker -needed-lXCTestSwiftSupport -lXCTestSwiftSupport -o /var/folders/71/c1wqy1_x26s5tgyqvfv1mhcr0000gn/T/snapshot_derived20260506-11270-ygdy2/Build/Products/Debug-iphonesimulator/PicStripUITests-Runner.app/PlugIns/PicStripUITests.xctest/PicStripUITests

ExtractAppIntentsMetadata (in target 'PicStripUITests' from project 'PicStrip')
    cd /Users/eddie/Development/PicStrip
    /Applications/Xcode.app/Contents/Developer/Toolchains/XcodeDefault.xctoolchain/usr/bin/appintentsmetadataprocessor --toolchain-dir /Applications/Xcode.app/Contents/Developer/Toolchains/XcodeDefault.xctoolchain --module-name PicStripUITests --sdk-root /Applications/Xcode.app/Contents/Developer/Platforms/iPhoneSimulator.platform/Developer/SDKs/iPhoneSimulator26.4.sdk --xcode-version 17E202 --platform-family iOS --deployment-target 17.0 --bundle-identifier com.northcutt.PicStripUITests --output /var/folders/71/c1wqy1_x26s5tgyqvfv1mhcr0000gn/T/snapshot_derived20260506-11270-ygdy2/Build/Products/Debug-iphonesimulator/PicStripUITests-Runner.app/PlugIns/PicStripUITests.xctest --target-triple arm64-apple-ios17.0-simulator --binary-file /var/folders/71/c1wqy1_x26s5tgyqvfv1mhcr0000gn/T/snapshot_derived20260506-11270-ygdy2/Build/Products/Debug-iphonesimulator/PicStripUITests-Runner.app/PlugIns/PicStripUITests.xctest/PicStripUITests --dependency-file /var/folders/71/c1wqy1_x26s5tgyqvfv1mhcr0000gn/T/snapshot_derived20260506-11270-ygdy2/Build/Intermediates.noindex/PicStrip.build/Debug-iphonesimulator/PicStripUITests.build/Objects-normal/arm64/PicStripUITests_dependency_info.dat --stringsdata-file /var/folders/71/c1wqy1_x26s5tgyqvfv1mhcr0000gn/T/snapshot_derived20260506-11270-ygdy2/Build/Intermediates.noindex/PicStrip.build/Debug-iphonesimulator/PicStripUITests.build/Objects-normal/arm64/ExtractedAppShortcutsMetadata.stringsdata --source-file-list /var/folders/71/c1wqy1_x26s5tgyqvfv1mhcr0000gn/T/snapshot_derived20260506-11270-ygdy2/Build/Intermediates.noindex/PicStrip.build/Debug-iphonesimulator/PicStripUITests.build/Objects-normal/arm64/PicStripUITests.SwiftFileList --metadata-file-list /var/folders/71/c1wqy1_x26s5tgyqvfv1mhcr0000gn/T/snapshot_derived20260506-11270-ygdy2/Build/Intermediates.noindex/PicStrip.build/Debug-iphonesimulator/PicStripUITests.build/PicStripUITests.DependencyMetadataFileList --static-metadata-file-list /var/folders/71/c1wqy1_x26s5tgyqvfv1mhcr0000gn/T/snapshot_derived20260506-11270-ygdy2/Build/Intermediates.noindex/PicStrip.build/Debug-iphonesimulator/PicStripUITests.build/PicStripUITests.DependencyStaticMetadataFileList --swift-const-vals-list /var/folders/71/c1wqy1_x26s5tgyqvfv1mhcr0000gn/T/snapshot_derived20260506-11270-ygdy2/Build/Intermediates.noindex/PicStrip.build/Debug-iphonesimulator/PicStripUITests.build/Objects-normal/arm64/PicStripUITests.SwiftConstValuesFileList --compile-time-extraction --deployment-aware-processing --validate-assistant-intents --no-app-shortcuts-localization
2026-05-06 19:35:10.217 appintentsmetadataprocessor[11886:4277893] Starting appintentsmetadataprocessor export
2026-05-06 19:35:10.218 appintentsmetadataprocessor[11886:4277893] warning: Metadata extraction skipped. No AppIntents.framework dependency found.

CopySwiftLibs /var/folders/71/c1wqy1_x26s5tgyqvfv1mhcr0000gn/T/snapshot_derived20260506-11270-ygdy2/Build/Products/Debug-iphonesimulator/PicStripUITests-Runner.app/PlugIns/PicStripUITests.xctest (in target 'PicStripUITests' from project 'PicStrip')
    cd /Users/eddie/Development/PicStrip
    builtin-swiftStdLibTool --copy --verbose --scan-executable /var/folders/71/c1wqy1_x26s5tgyqvfv1mhcr0000gn/T/snapshot_derived20260506-11270-ygdy2/Build/Products/Debug-iphonesimulator/PicStripUITests-Runner.app/PlugIns/PicStripUITests.xctest/PicStripUITests --scan-folder /var/folders/71/c1wqy1_x26s5tgyqvfv1mhcr0000gn/T/snapshot_derived20260506-11270-ygdy2/Build/Products/Debug-iphonesimulator/PicStripUITests-Runner.app/PlugIns/PicStripUITests.xctest/Frameworks --scan-folder /var/folders/71/c1wqy1_x26s5tgyqvfv1mhcr0000gn/T/snapshot_derived20260506-11270-ygdy2/Build/Products/Debug-iphonesimulator/PicStripUITests-Runner.app/PlugIns/PicStripUITests.xctest/PlugIns --scan-folder /var/folders/71/c1wqy1_x26s5tgyqvfv1mhcr0000gn/T/snapshot_derived20260506-11270-ygdy2/Build/Products/Debug-iphonesimulator/PicStripUITests-Runner.app/PlugIns/PicStripUITests.xctest/SystemExtensions --scan-folder /var/folders/71/c1wqy1_x26s5tgyqvfv1mhcr0000gn/T/snapshot_derived20260506-11270-ygdy2/Build/Products/Debug-iphonesimulator/PicStripUITests-Runner.app/PlugIns/PicStripUITests.xctest/Extensions --platform iphonesimulator --toolchain /Applications/Xcode.app/Contents/Developer/Toolchains/XcodeDefault.xctoolchain --destination /var/folders/71/c1wqy1_x26s5tgyqvfv1mhcr0000gn/T/snapshot_derived20260506-11270-ygdy2/Build/Products/Debug-iphonesimulator/PicStripUITests-Runner.app/PlugIns/PicStripUITests.xctest/Frameworks --strip-bitcode --scan-executable /Applications/Xcode.app/Contents/Developer/Platforms/iPhoneSimulator.platform/Developer/usr/lib/libXCTestSwiftSupport.dylib --strip-bitcode-tool /Applications/Xcode.app/Contents/Developer/Toolchains/XcodeDefault.xctoolchain/usr/bin/bitcode_strip --emit-dependency-info /var/folders/71/c1wqy1_x26s5tgyqvfv1mhcr0000gn/T/snapshot_derived20260506-11270-ygdy2/Build/Intermediates.noindex/PicStrip.build/Debug-iphonesimulator/PicStripUITests.build/SwiftStdLibToolInputDependencies.dep --filter-for-swift-os
Ignoring --strip-bitcode because --sign was not passed

AppIntentsSSUTraining (in target 'PicStripUITests' from project 'PicStrip')
    cd /Users/eddie/Development/PicStrip
    /Applications/Xcode.app/Contents/Developer/Toolchains/XcodeDefault.xctoolchain/usr/bin/appintentsnltrainingprocessor --infoplist-path /var/folders/71/c1wqy1_x26s5tgyqvfv1mhcr0000gn/T/snapshot_derived20260506-11270-ygdy2/Build/Products/Debug-iphonesimulator/PicStripUITests-Runner.app/PlugIns/PicStripUITests.xctest/Info.plist --temp-dir-path /var/folders/71/c1wqy1_x26s5tgyqvfv1mhcr0000gn/T/snapshot_derived20260506-11270-ygdy2/Build/Intermediates.noindex/PicStrip.build/Debug-iphonesimulator/PicStripUITests.build/ssu --bundle-id com.northcutt.PicStripUITests --product-path /var/folders/71/c1wqy1_x26s5tgyqvfv1mhcr0000gn/T/snapshot_derived20260506-11270-ygdy2/Build/Products/Debug-iphonesimulator/PicStripUITests-Runner.app/PlugIns/PicStripUITests.xctest --extracted-metadata-path /var/folders/71/c1wqy1_x26s5tgyqvfv1mhcr0000gn/T/snapshot_derived20260506-11270-ygdy2/Build/Products/Debug-iphonesimulator/PicStripUITests-Runner.app/PlugIns/PicStripUITests.xctest/Metadata.appintents --metadata-file-list /var/folders/71/c1wqy1_x26s5tgyqvfv1mhcr0000gn/T/snapshot_derived20260506-11270-ygdy2/Build/Intermediates.noindex/PicStrip.build/Debug-iphonesimulator/PicStripUITests.build/PicStripUITests.DependencyMetadataFileList --source-file /var/folders/71/c1wqy1_x26s5tgyqvfv1mhcr0000gn/T/snapshot_derived20260506-11270-ygdy2/Build/Products/Debug-iphonesimulator/PicStripUITests-Runner.app/PlugIns/PicStripUITests.xctest/Info.plist --archive-ssu-assets
2026-05-06 19:35:10.242 appintentsnltrainingprocessor[11887:4277894] Parsing options for appintentsnltrainingprocessor
2026-05-06 19:35:10.242 appintentsnltrainingprocessor[11887:4277894] Starting AppIntents SSU YAML Generation
2026-05-06 19:35:10.242 appintentsnltrainingprocessor[11887:4277894] No AppShortcuts found - Skipping.

CopyAndPreserveArchs /var/folders/71/c1wqy1_x26s5tgyqvfv1mhcr0000gn/T/snapshot_derived20260506-11270-ygdy2/Build/Products/Debug-iphonesimulator/PicStripUITests-Runner.app/PicStripUITests-Runner (in target 'PicStripUITests' from project 'PicStrip')
    cd /Users/eddie/Development/PicStrip
    /Applications/Xcode.app/Contents/Developer/Toolchains/XcodeDefault.xctoolchain/usr/bin/lipo /Applications/Xcode.app/Contents/Developer/Platforms/iPhoneSimulator.platform/Developer/Library/Xcode/Agents/XCTRunner.app/XCTRunner -output /var/folders/71/c1wqy1_x26s5tgyqvfv1mhcr0000gn/T/snapshot_derived20260506-11270-ygdy2/Build/Products/Debug-iphonesimulator/PicStripUITests-Runner.app/PicStripUITests-Runner -extract arm64

CopyPlistFile /var/folders/71/c1wqy1_x26s5tgyqvfv1mhcr0000gn/T/snapshot_derived20260506-11270-ygdy2/Build/Products/Debug-iphonesimulator/PicStripUITests-Runner.app/Info.plist /Applications/Xcode.app/Contents/Developer/Platforms/iPhoneSimulator.platform/Developer/Library/Xcode/Agents/XCTRunner.app/Info.plist (in target 'PicStripUITests' from project 'PicStrip')
    cd /Users/eddie/Development/PicStrip
    builtin-copyPlist --validate --convert xml1 --macro-expansion WRAPPEDPRODUCTNAME PicStripUITests-Runner --macro-expansion WRAPPEDPRODUCTBUNDLEIDENTIFIER com.northcutt.PicStripUITests.xctrunner --macro-expansion TESTPRODUCTNAME PicStripUITests --macro-expansion TESTPRODUCTBUNDLEIDENTIFIER com.northcutt.PicStripUITests --copy-value UIDeviceFamily /var/folders/71/c1wqy1_x26s5tgyqvfv1mhcr0000gn/T/snapshot_derived20260506-11270-ygdy2/Build/Products/Debug-iphonesimulator/PicStripUITests-Runner.app/PlugIns/PicStripUITests.xctest/Info.plist --outdir /var/folders/71/c1wqy1_x26s5tgyqvfv1mhcr0000gn/T/snapshot_derived20260506-11270-ygdy2/Build/Products/Debug-iphonesimulator/PicStripUITests-Runner.app -- /Applications/Xcode.app/Contents/Developer/Platforms/iPhoneSimulator.platform/Developer/Library/Xcode/Agents/XCTRunner.app/Info.plist

Copy /var/folders/71/c1wqy1_x26s5tgyqvfv1mhcr0000gn/T/snapshot_derived20260506-11270-ygdy2/Build/Products/Debug-iphonesimulator/PicStripUITests-Runner.app/PkgInfo /Applications/Xcode.app/Contents/Developer/Platforms/iPhoneSimulator.platform/Developer/Library/Xcode/Agents/XCTRunner.app/PkgInfo (in target 'PicStripUITests' from project 'PicStrip')
    cd /Users/eddie/Development/PicStrip
    builtin-copy -exclude .DS_Store -exclude CVS -exclude .svn -exclude .git -exclude .hg -resolve-src-symlinks /Applications/Xcode.app/Contents/Developer/Platforms/iPhoneSimulator.platform/Developer/Library/Xcode/Agents/XCTRunner.app/PkgInfo /var/folders/71/c1wqy1_x26s5tgyqvfv1mhcr0000gn/T/snapshot_derived20260506-11270-ygdy2/Build/Products/Debug-iphonesimulator/PicStripUITests-Runner.app

MkDir /var/folders/71/c1wqy1_x26s5tgyqvfv1mhcr0000gn/T/snapshot_derived20260506-11270-ygdy2/Build/Products/Debug-iphonesimulator/PicStripUITests-Runner.app (in target 'PicStripUITests' from project 'PicStrip')
    cd /Users/eddie/Development/PicStrip
    /bin/mkdir -p /var/folders/71/c1wqy1_x26s5tgyqvfv1mhcr0000gn/T/snapshot_derived20260506-11270-ygdy2/Build/Products/Debug-iphonesimulator/PicStripUITests-Runner.app

Copy /var/folders/71/c1wqy1_x26s5tgyqvfv1mhcr0000gn/T/snapshot_derived20260506-11270-ygdy2/Build/Products/Debug-iphonesimulator/PicStripUITests-Runner.app/Frameworks/XCUnit.framework /Applications/Xcode.app/Contents/Developer/Platforms/iPhoneSimulator.platform/Developer/Library/PrivateFrameworks/XCUnit.framework (in target 'PicStripUITests' from project 'PicStrip')
    cd /Users/eddie/Development/PicStrip
    builtin-copy -exclude .DS_Store -exclude CVS -exclude .svn -exclude .git -exclude .hg -exclude Headers -exclude PrivateHeaders -exclude Modules -exclude \*.tbd -resolve-src-symlinks /Applications/Xcode.app/Contents/Developer/Platforms/iPhoneSimulator.platform/Developer/Library/PrivateFrameworks/XCUnit.framework /var/folders/71/c1wqy1_x26s5tgyqvfv1mhcr0000gn/T/snapshot_derived20260506-11270-ygdy2/Build/Products/Debug-iphonesimulator/PicStripUITests-Runner.app/Frameworks

Copy /var/folders/71/c1wqy1_x26s5tgyqvfv1mhcr0000gn/T/snapshot_derived20260506-11270-ygdy2/Build/Products/Debug-iphonesimulator/PicStripUITests-Runner.app/Frameworks/libXCTestSwiftSupport.dylib /Applications/Xcode.app/Contents/Developer/Platforms/iPhoneSimulator.platform/Developer/usr/lib/libXCTestSwiftSupport.dylib (in target 'PicStripUITests' from project 'PicStrip')
    cd /Users/eddie/Development/PicStrip
    builtin-copy -exclude .DS_Store -exclude CVS -exclude .svn -exclude .git -exclude .hg -exclude Headers -exclude PrivateHeaders -exclude Modules -exclude \*.tbd -resolve-src-symlinks /Applications/Xcode.app/Contents/Developer/Platforms/iPhoneSimulator.platform/Developer/usr/lib/libXCTestSwiftSupport.dylib /var/folders/71/c1wqy1_x26s5tgyqvfv1mhcr0000gn/T/snapshot_derived20260506-11270-ygdy2/Build/Products/Debug-iphonesimulator/PicStripUITests-Runner.app/Frameworks

Copy /var/folders/71/c1wqy1_x26s5tgyqvfv1mhcr0000gn/T/snapshot_derived20260506-11270-ygdy2/Build/Products/Debug-iphonesimulator/PicStripUITests-Runner.app/Frameworks/XCUIAutomation.framework /Applications/Xcode.app/Contents/Developer/Platforms/iPhoneSimulator.platform/Developer/Library/Frameworks/XCUIAutomation.framework (in target 'PicStripUITests' from project 'PicStrip')
    cd /Users/eddie/Development/PicStrip
    builtin-copy -exclude .DS_Store -exclude CVS -exclude .svn -exclude .git -exclude .hg -exclude Headers -exclude PrivateHeaders -exclude Modules -exclude \*.tbd -resolve-src-symlinks /Applications/Xcode.app/Contents/Developer/Platforms/iPhoneSimulator.platform/Developer/Library/Frameworks/XCUIAutomation.framework /var/folders/71/c1wqy1_x26s5tgyqvfv1mhcr0000gn/T/snapshot_derived20260506-11270-ygdy2/Build/Products/Debug-iphonesimulator/PicStripUITests-Runner.app/Frameworks

Copy /var/folders/71/c1wqy1_x26s5tgyqvfv1mhcr0000gn/T/snapshot_derived20260506-11270-ygdy2/Build/Products/Debug-iphonesimulator/PicStripUITests-Runner.app/Frameworks/XCTestSupport.framework /Applications/Xcode.app/Contents/Developer/Platforms/iPhoneSimulator.platform/Developer/Library/PrivateFrameworks/XCTestSupport.framework (in target 'PicStripUITests' from project 'PicStrip')
    cd /Users/eddie/Development/PicStrip
    builtin-copy -exclude .DS_Store -exclude CVS -exclude .svn -exclude .git -exclude .hg -exclude Headers -exclude PrivateHeaders -exclude Modules -exclude \*.tbd -resolve-src-symlinks /Applications/Xcode.app/Contents/Developer/Platforms/iPhoneSimulator.platform/Developer/Library/PrivateFrameworks/XCTestSupport.framework /var/folders/71/c1wqy1_x26s5tgyqvfv1mhcr0000gn/T/snapshot_derived20260506-11270-ygdy2/Build/Products/Debug-iphonesimulator/PicStripUITests-Runner.app/Frameworks

Copy /var/folders/71/c1wqy1_x26s5tgyqvfv1mhcr0000gn/T/snapshot_derived20260506-11270-ygdy2/Build/Products/Debug-iphonesimulator/PicStripUITests-Runner.app/Frameworks/XCTestCore.framework /Applications/Xcode.app/Contents/Developer/Platforms/iPhoneSimulator.platform/Developer/Library/PrivateFrameworks/XCTestCore.framework (in target 'PicStripUITests' from project 'PicStrip')
    cd /Users/eddie/Development/PicStrip
    builtin-copy -exclude .DS_Store -exclude CVS -exclude .svn -exclude .git -exclude .hg -exclude Headers -exclude PrivateHeaders -exclude Modules -exclude \*.tbd -resolve-src-symlinks /Applications/Xcode.app/Contents/Developer/Platforms/iPhoneSimulator.platform/Developer/Library/PrivateFrameworks/XCTestCore.framework /var/folders/71/c1wqy1_x26s5tgyqvfv1mhcr0000gn/T/snapshot_derived20260506-11270-ygdy2/Build/Products/Debug-iphonesimulator/PicStripUITests-Runner.app/Frameworks

Copy /var/folders/71/c1wqy1_x26s5tgyqvfv1mhcr0000gn/T/snapshot_derived20260506-11270-ygdy2/Build/Products/Debug-iphonesimulator/PicStripUITests-Runner.app/Frameworks/XCTest.framework /Applications/Xcode.app/Contents/Developer/Platforms/iPhoneSimulator.platform/Developer/Library/Frameworks/XCTest.framework (in target 'PicStripUITests' from project 'PicStrip')
    cd /Users/eddie/Development/PicStrip
    builtin-copy -exclude .DS_Store -exclude CVS -exclude .svn -exclude .git -exclude .hg -exclude Headers -exclude PrivateHeaders -exclude Modules -exclude \*.tbd -resolve-src-symlinks /Applications/Xcode.app/Contents/Developer/Platforms/iPhoneSimulator.platform/Developer/Library/Frameworks/XCTest.framework /var/folders/71/c1wqy1_x26s5tgyqvfv1mhcr0000gn/T/snapshot_derived20260506-11270-ygdy2/Build/Products/Debug-iphonesimulator/PicStripUITests-Runner.app/Frameworks

Copy /var/folders/71/c1wqy1_x26s5tgyqvfv1mhcr0000gn/T/snapshot_derived20260506-11270-ygdy2/Build/Products/Debug-iphonesimulator/PicStripUITests-Runner.app/Frameworks/XCTAutomationSupport.framework /Applications/Xcode.app/Contents/Developer/Platforms/iPhoneSimulator.platform/Developer/Library/PrivateFrameworks/XCTAutomationSupport.framework (in target 'PicStripUITests' from project 'PicStrip')
    cd /Users/eddie/Development/PicStrip
    builtin-copy -exclude .DS_Store -exclude CVS -exclude .svn -exclude .git -exclude .hg -exclude Headers -exclude PrivateHeaders -exclude Modules -exclude \*.tbd -resolve-src-symlinks /Applications/Xcode.app/Contents/Developer/Platforms/iPhoneSimulator.platform/Developer/Library/PrivateFrameworks/XCTAutomationSupport.framework /var/folders/71/c1wqy1_x26s5tgyqvfv1mhcr0000gn/T/snapshot_derived20260506-11270-ygdy2/Build/Products/Debug-iphonesimulator/PicStripUITests-Runner.app/Frameworks

Copy /var/folders/71/c1wqy1_x26s5tgyqvfv1mhcr0000gn/T/snapshot_derived20260506-11270-ygdy2/Build/Products/Debug-iphonesimulator/PicStripUITests-Runner.app/Frameworks/Testing.framework /Applications/Xcode.app/Contents/Developer/Platforms/iPhoneSimulator.platform/Developer/Library/Frameworks/Testing.framework (in target 'PicStripUITests' from project 'PicStrip')
    cd /Users/eddie/Development/PicStrip
    builtin-copy -exclude .DS_Store -exclude CVS -exclude .svn -exclude .git -exclude .hg -exclude Headers -exclude PrivateHeaders -exclude Modules -exclude \*.tbd -resolve-src-symlinks /Applications/Xcode.app/Contents/Developer/Platforms/iPhoneSimulator.platform/Developer/Library/Frameworks/Testing.framework /var/folders/71/c1wqy1_x26s5tgyqvfv1mhcr0000gn/T/snapshot_derived20260506-11270-ygdy2/Build/Products/Debug-iphonesimulator/PicStripUITests-Runner.app/Frameworks

RegisterExecutionPolicyException /var/folders/71/c1wqy1_x26s5tgyqvfv1mhcr0000gn/T/snapshot_derived20260506-11270-ygdy2/Build/Products/Debug-iphonesimulator/PicStripUITests-Runner.app/PlugIns/PicStripUITests.xctest (in target 'PicStripUITests' from project 'PicStrip')
    cd /Users/eddie/Development/PicStrip
    builtin-RegisterExecutionPolicyException /var/folders/71/c1wqy1_x26s5tgyqvfv1mhcr0000gn/T/snapshot_derived20260506-11270-ygdy2/Build/Products/Debug-iphonesimulator/PicStripUITests-Runner.app/PlugIns/PicStripUITests.xctest

Touch /var/folders/71/c1wqy1_x26s5tgyqvfv1mhcr0000gn/T/snapshot_derived20260506-11270-ygdy2/Build/Products/Debug-iphonesimulator/PicStripUITests-Runner.app/PlugIns/PicStripUITests.xctest (in target 'PicStripUITests' from project 'PicStrip')
    cd /Users/eddie/Development/PicStrip
    /usr/bin/touch -c /var/folders/71/c1wqy1_x26s5tgyqvfv1mhcr0000gn/T/snapshot_derived20260506-11270-ygdy2/Build/Products/Debug-iphonesimulator/PicStripUITests-Runner.app/PlugIns/PicStripUITests.xctest

2026-05-06 19:35:17.179603-0500 PicStripUITests-Runner[11901:4278128] [Default] Running tests...
objc[11901]: Class UIAccessibilityLoaderWebShared is implemented in both /Library/Developer/CoreSimulator/Volumes/iOS_23E254a/Library/Developer/CoreSimulator/Profiles/Runtimes/iOS 26.4.simruntime/Contents/Resources/RuntimeRoot/System/Library/AccessibilityBundles/WebCore.axbundle/WebCore (0x10662c310) and /Library/Developer/CoreSimulator/Volumes/iOS_23E254a/Library/Developer/CoreSimulator/Profiles/Runtimes/iOS 26.4.simruntime/Contents/Resources/RuntimeRoot/System/Library/AccessibilityBundles/WebKit.axbundle/WebKit (0x106fe0398). This may cause spurious casting failures and mysterious crashes. One of the duplicates must be removed or renamed.
    t =      nans Interface orientation changed to Portrait
Test Suite 'Selected tests' started at 2026-05-06 19:35:20.788.
Test Suite 'PicStripUITests.xctest' started at 2026-05-06 19:35:20.788.
Test Suite 'PicStripUITests' started at 2026-05-06 19:35:20.788.
Test Case '-[PicStripUITests.PicStripUITests testAllScreenshots]' started.
    t =     0.00s Start Test at 2026-05-06 19:35:20.789
    t =     0.26s Set Up
    t =     0.27s Open com.northcutt.PicStrip
    t =     0.27s     Launch com.northcutt.PicStrip
    t =     1.93s         Setting up automation session
    t =     2.76s         Wait for com.northcutt.PicStrip to idle
    t =     5.75s Find the Window (First Match)
    t =     6.82s Checking `Expect predicate `exists == 0` for object Other (Elements containing elements matching predicate 'BLOCKPREDICATE(0x1069f5230)')`
    t =     6.82s     Checking existence of `Other (Elements containing elements matching predicate 'BLOCKPREDICATE(0x1069f5230)')`
    t =     6.82s         Requesting snapshot of accessibility hierarchy for app with pid 11919
    t =     6.87s         Find: Descendants matching type Other
    t =     6.87s         Find: Elements containing elements matching predicate 'BLOCKPREDICATE(0x1069f4c90)'
2026-05-06 19:35:27.660270-0500 PicStripUITests-Runner[11901:4278128] snapshot: 01_Home
    t =     8.06s Getting device orientation
    t =     8.59s Waiting 5.0s for "infoButton" Button to exist
    t =     9.63s     Checking `Expect predicate `existsNoRetry == 1` for object "infoButton" Button`
    t =     9.63s         Checking existence of `"infoButton" Button`
    t =     9.65s Tap "infoButton" Button
    t =     9.65s     Wait for com.northcutt.PicStrip to idle
    t =     9.65s     Find the "infoButton" Button
    t =     9.67s     Check for interrupting elements affecting "infoButton" Button
    t =     9.70s     Synthesize event
    t =    10.11s     Wait for com.northcutt.PicStrip to idle
    t =    11.83s Find the Window (First Match)
    t =    12.87s Checking `Expect predicate `exists == 0` for object Other (Elements containing elements matching predicate 'BLOCKPREDICATE(0x113a803f0)')`
    t =    12.87s     Checking existence of `Other (Elements containing elements matching predicate 'BLOCKPREDICATE(0x113a803f0)')`
    t =    12.87s         Requesting snapshot of accessibility hierarchy for app with pid 11919
    t =    12.97s         Find: Descendants matching type Other
    t =    12.97s         Find: Elements containing elements matching predicate 'BLOCKPREDICATE(0x113a802d0)'
2026-05-06 19:35:33.765721-0500 PicStripUITests-Runner[11901:4278128] snapshot: 02_About
    t =    14.12s Getting device orientation
    t =    14.18s Terminate com.northcutt.PicStrip:11919
    t =    15.28s Open com.northcutt.PicStrip
    t =    15.28s     Launch com.northcutt.PicStrip
    t =    15.51s         Setting up automation session
    t =    16.50s         Wait for com.northcutt.PicStrip to idle
    t =    18.44s Waiting 15.0s for "Dismiss photo" Button to exist
    t =    19.47s     Checking `Expect predicate `existsNoRetry == 1` for object "Dismiss photo" Button`
    t =    19.48s         Checking existence of `"Dismiss photo" Button`
    t =    21.06s Find the Window (First Match)
    t =    22.11s Checking `Expect predicate `exists == 0` for object Other (Elements containing elements matching predicate 'BLOCKPREDICATE(0x113ada1c0)')`
    t =    22.11s     Checking existence of `Other (Elements containing elements matching predicate 'BLOCKPREDICATE(0x113ada1c0)')`
    t =    22.11s         Requesting snapshot of accessibility hierarchy for app with pid 11940
    t =    22.13s         Find: Descendants matching type Other
    t =    22.13s         Find: Elements containing elements matching predicate 'BLOCKPREDICATE(0x113ad9c20)'
2026-05-06 19:35:42.925268-0500 PicStripUITests-Runner[11901:4278128] snapshot: 03_PhotoLoaded
    t =    23.29s Getting device orientation
    t =    23.34s Waiting 5.0s for "badge_EXIF" Button to exist
    t =    24.36s     Checking `Expect predicate `existsNoRetry == 1` for object "badge_EXIF" Button`
    t =    24.36s         Checking existence of `"badge_EXIF" Button`
    t =    24.38s Tap "badge_EXIF" Button
    t =    24.38s     Wait for com.northcutt.PicStrip to idle
    t =    24.38s     Find the "badge_EXIF" Button
    t =    24.40s     Check for interrupting elements affecting "badge_EXIF" Button
    t =    24.42s     Synthesize event
    t =    24.71s     Wait for com.northcutt.PicStrip to idle
    t =    25.32s Find the Window (First Match)
    t =    26.36s Checking `Expect predicate `exists == 0` for object Other (Elements containing elements matching predicate 'BLOCKPREDICATE(0x113a83f90)')`
    t =    26.36s     Checking existence of `Other (Elements containing elements matching predicate 'BLOCKPREDICATE(0x113a83f90)')`
    t =    26.36s         Requesting snapshot of accessibility hierarchy for app with pid 11940
    t =    26.41s         Find: Descendants matching type Other
    t =    26.41s         Find: Elements containing elements matching predicate 'BLOCKPREDICATE(0x113a80cf0)'
2026-05-06 19:35:47.203039-0500 PicStripUITests-Runner[11901:4278128] snapshot: 04_MetadataDetail
    t =    27.59s Getting device orientation
    t =    27.67s Tap "badge_EXIF" Button
    t =    27.67s     Wait for com.northcutt.PicStrip to idle
    t =    27.67s     Find the "badge_EXIF" Button
    t =    27.71s     Check for interrupting elements affecting "badge_EXIF" Button
    t =    27.75s     Synthesize event
    t =    28.04s     Wait for com.northcutt.PicStrip to idle
    t =    28.55s Waiting 5.0s for "saveButton" Button to exist
    t =    29.57s     Checking `Expect predicate `existsNoRetry == 1` for object "saveButton" Button`
    t =    29.58s         Checking existence of `"saveButton" Button`
    t =    29.62s Tap "saveButton" Button
    t =    29.62s     Wait for com.northcutt.PicStrip to idle
    t =    29.62s     Find the "saveButton" Button
    t =    29.65s     Check for interrupting elements affecting "saveButton" Button
    t =    29.67s     Synthesize event
    t =    29.96s     Wait for com.northcutt.PicStrip to idle
    t =    31.68s Find the Window (First Match)
    t =    32.72s Checking `Expect predicate `exists == 0` for object Other (Elements containing elements matching predicate 'BLOCKPREDICATE(0x113a81740)')`
    t =    32.73s     Checking existence of `Other (Elements containing elements matching predicate 'BLOCKPREDICATE(0x113a81740)')`
    t =    32.73s         Requesting snapshot of accessibility hierarchy for app with pid 11940
    t =    32.87s         Find: Descendants matching type Other
    t =    32.87s         Find: Elements containing elements matching predicate 'BLOCKPREDICATE(0x113a816b0)'
2026-05-06 19:35:53.675087-0500 PicStripUITests-Runner[11901:4278128] snapshot: 05_ReviewAndSave
    t =    34.07s Getting device orientation
    t =    34.12s Tear Down
Test Case '-[PicStripUITests.PicStripUITests testAllScreenshots]' passed (34.434 seconds).
Test Suite 'PicStripUITests' passed at 2026-05-06 19:35:55.223.
	 Executed 1 test, with 0 failures (0 unexpected) in 34.434 (34.435) seconds
Test Suite 'PicStripUITests.xctest' passed at 2026-05-06 19:35:55.223.
	 Executed 1 test, with 0 failures (0 unexpected) in 34.434 (34.435) seconds
Test Suite 'Selected tests' passed at 2026-05-06 19:35:55.224.
	 Executed 1 test, with 0 failures (0 unexpected) in 34.434 (34.436) seconds

Test session results, code coverage, and logs:
	/var/folders/71/c1wqy1_x26s5tgyqvfv1mhcr0000gn/T/snapshot_derived20260506-11270-ygdy2/Logs/Test/Run-PicStripScreenshots-2026.05.06_19-34-36--0500.xcresult

** TEST SUCCEEDED **

Testing started
Command line invocation:
    /Applications/Xcode.app/Contents/Developer/usr/bin/xcodebuild -scheme PicStripScreenshots -project ./PicStrip.xcodeproj -disableAutomaticPackageResolution -sdk iphonesimulator -derivedDataPath /var/folders/71/c1wqy1_x26s5tgyqvfv1mhcr0000gn/T/snapshot_derived20260506-11270-ygdy2 CODE_SIGN_IDENTITY= CODE_SIGNING_REQUIRED=NO CODE_SIGNING_ALLOWED=NO -destination "platform=iOS Simulator,id=BAB40A70-8E56-45EE-8BD8-FAD6FD49CB80" FASTLANE_SNAPSHOT=YES FASTLANE_LANGUAGE=en-US build test

Build settings from command line:
    CODE_SIGN_IDENTITY = 
    CODE_SIGNING_ALLOWED = NO
    CODE_SIGNING_REQUIRED = NO
    FASTLANE_LANGUAGE = en-US
    FASTLANE_SNAPSHOT = YES
    SDKROOT = iphonesimulator26.4

note: Using codesigning identity override: 
ComputePackagePrebuildTargetDependencyGraph

Prepare packages

CreateBuildRequest

SendProjectDescription

CreateBuildOperation

ComputeTargetDependencyGraph
note: Building targets in dependency order
note: Target dependency graph (2 targets)
    Target 'PicStrip' in project 'PicStrip'
        ➜ Explicit dependency on target 'PicStripShareExtension' in project 'PicStrip'
    Target 'PicStripShareExtension' in project 'PicStrip' (no dependencies)

GatherProvisioningInputs

CreateBuildDescription

ExecuteExternalTool /Applications/Xcode.app/Contents/Developer/Toolchains/XcodeDefault.xctoolchain/usr/bin/swiftc --version

ExecuteExternalTool /Applications/Xcode.app/Contents/Developer/Toolchains/XcodeDefault.xctoolchain/usr/bin/clang -v -E -dM -isysroot /Applications/Xcode.app/Contents/Developer/Platforms/iPhoneSimulator.platform/Developer/SDKs/iPhoneSimulator26.4.sdk -x c -c /dev/null

ExecuteExternalTool /Applications/Xcode.app/Contents/Developer/usr/bin/xcstringstool compile --dry-run --output-directory /var/folders/71/c1wqy1_x26s5tgyqvfv1mhcr0000gn/T/snapshot_derived20260506-11270-ygdy2/Build/Intermediates.noindex/PicStrip.build/Debug-iphonesimulator/PicStrip.build /Users/eddie/Development/PicStrip/PicStrip/AppShortcuts.xcstrings

ExecuteExternalTool /Applications/Xcode.app/Contents/Developer/usr/bin/actool --print-asset-tag-combinations --output-format xml1 /Users/eddie/Development/PicStrip/PicStrip/Assets.xcassets /Users/eddie/Development/PicStrip/PicStrip/PicStrip.icon

ExecuteExternalTool /Applications/Xcode.app/Contents/Developer/usr/bin/actool --version --output-format xml1

ExecuteExternalTool /Applications/Xcode.app/Contents/Developer/usr/bin/xcstringstool compile --dry-run --output-directory /var/folders/71/c1wqy1_x26s5tgyqvfv1mhcr0000gn/T/snapshot_derived20260506-11270-ygdy2/Build/Intermediates.noindex/PicStrip.build/Debug-iphonesimulator/PicStrip.build /Users/eddie/Development/PicStrip/PicStrip/Localizable.xcstrings

ExecuteExternalTool /Applications/Xcode.app/Contents/Developer/Toolchains/XcodeDefault.xctoolchain/usr/bin/ld -version_details

Build description signature: 33dc6207959bb837d82b546223432e5c
Build description path: /var/folders/71/c1wqy1_x26s5tgyqvfv1mhcr0000gn/T/snapshot_derived20260506-11270-ygdy2/Build/Intermediates.noindex/XCBuildData/33dc6207959bb837d82b546223432e5c.xcbuilddata
ClangStatCache /Applications/Xcode.app/Contents/Developer/Toolchains/XcodeDefault.xctoolchain/usr/bin/clang-stat-cache /Applications/Xcode.app/Contents/Developer/Platforms/iPhoneSimulator.platform/Developer/SDKs/iPhoneSimulator26.4.sdk /var/folders/71/c1wqy1_x26s5tgyqvfv1mhcr0000gn/T/snapshot_derived20260506-11270-ygdy2/SDKStatCaches.noindex/iphonesimulator26.4-23E252-686eebb5dc1d8ecb277353a59184f4aa.sdkstatcache
    cd /Users/eddie/Development/PicStrip/PicStrip.xcodeproj
    /Applications/Xcode.app/Contents/Developer/Toolchains/XcodeDefault.xctoolchain/usr/bin/clang-stat-cache /Applications/Xcode.app/Contents/Developer/Platforms/iPhoneSimulator.platform/Developer/SDKs/iPhoneSimulator26.4.sdk -o /var/folders/71/c1wqy1_x26s5tgyqvfv1mhcr0000gn/T/snapshot_derived20260506-11270-ygdy2/SDKStatCaches.noindex/iphonesimulator26.4-23E252-686eebb5dc1d8ecb277353a59184f4aa.sdkstatcache

ProcessInfoPlistFile /var/folders/71/c1wqy1_x26s5tgyqvfv1mhcr0000gn/T/snapshot_derived20260506-11270-ygdy2/Build/Products/Debug-iphonesimulator/PicStripShareExtension.appex/Info.plist /Users/eddie/Development/PicStrip/PicStripShareExtension/Info.plist (in target 'PicStripShareExtension' from project 'PicStrip')
    cd /Users/eddie/Development/PicStrip
    builtin-infoPlistUtility /Users/eddie/Development/PicStrip/PicStripShareExtension/Info.plist -producttype com.apple.product-type.app-extension -expandbuildsettings -format binary -platform iphonesimulator -o /var/folders/71/c1wqy1_x26s5tgyqvfv1mhcr0000gn/T/snapshot_derived20260506-11270-ygdy2/Build/Products/Debug-iphonesimulator/PicStripShareExtension.appex/Info.plist

CompileAssetCatalogVariant thinned /var/folders/71/c1wqy1_x26s5tgyqvfv1mhcr0000gn/T/snapshot_derived20260506-11270-ygdy2/Build/Products/Debug-iphonesimulator/PicStrip.app /Users/eddie/Development/PicStrip/PicStrip/Assets.xcassets /Users/eddie/Development/PicStrip/PicStrip/PicStrip.icon (in target 'PicStrip' from project 'PicStrip')
    cd /Users/eddie/Development/PicStrip
    /Applications/Xcode.app/Contents/Developer/usr/bin/actool /Users/eddie/Development/PicStrip/PicStrip/Assets.xcassets /Users/eddie/Development/PicStrip/PicStrip/PicStrip.icon --compile /var/folders/71/c1wqy1_x26s5tgyqvfv1mhcr0000gn/T/snapshot_derived20260506-11270-ygdy2/Build/Intermediates.noindex/PicStrip.build/Debug-iphonesimulator/PicStrip.build/assetcatalog_output/thinned --output-format human-readable-text --notices --warnings --export-dependency-info /var/folders/71/c1wqy1_x26s5tgyqvfv1mhcr0000gn/T/snapshot_derived20260506-11270-ygdy2/Build/Intermediates.noindex/PicStrip.build/Debug-iphonesimulator/PicStrip.build/assetcatalog_dependencies_thinned --output-partial-info-plist /var/folders/71/c1wqy1_x26s5tgyqvfv1mhcr0000gn/T/snapshot_derived20260506-11270-ygdy2/Build/Intermediates.noindex/PicStrip.build/Debug-iphonesimulator/PicStrip.build/assetcatalog_generated_info.plist_thinned --app-icon PicStrip --include-all-app-icons --accent-color AccentColor --compress-pngs --enable-on-demand-resources YES --filter-for-thinning-device-configuration iPhone18,4 --filter-for-device-os-version 26.4.1 --development-region en --target-device iphone --target-device ipad --minimum-deployment-target 17.0 --platform iphonesimulator
/* com.apple.actool.compilation-results */
/var/folders/71/c1wqy1_x26s5tgyqvfv1mhcr0000gn/T/snapshot_derived20260506-11270-ygdy2/Build/Intermediates.noindex/PicStrip.build/Debug-iphonesimulator/PicStrip.build/assetcatalog_generated_info.plist_thinned
/var/folders/71/c1wqy1_x26s5tgyqvfv1mhcr0000gn/T/snapshot_derived20260506-11270-ygdy2/Build/Intermediates.noindex/PicStrip.build/Debug-iphonesimulator/PicStrip.build/assetcatalog_output/thinned/Assets.car
/var/folders/71/c1wqy1_x26s5tgyqvfv1mhcr0000gn/T/snapshot_derived20260506-11270-ygdy2/Build/Intermediates.noindex/PicStrip.build/Debug-iphonesimulator/PicStrip.build/assetcatalog_output/thinned/PicStrip60x60@2x.png
/var/folders/71/c1wqy1_x26s5tgyqvfv1mhcr0000gn/T/snapshot_derived20260506-11270-ygdy2/Build/Intermediates.noindex/PicStrip.build/Debug-iphonesimulator/PicStrip.build/assetcatalog_output/thinned/PicStrip76x76@2x~ipad.png


LinkAssetCatalog /Users/eddie/Development/PicStrip/PicStrip/Assets.xcassets /Users/eddie/Development/PicStrip/PicStrip/PicStrip.icon (in target 'PicStrip' from project 'PicStrip')
    cd /Users/eddie/Development/PicStrip
    builtin-linkAssetCatalog --thinned /var/folders/71/c1wqy1_x26s5tgyqvfv1mhcr0000gn/T/snapshot_derived20260506-11270-ygdy2/Build/Intermediates.noindex/PicStrip.build/Debug-iphonesimulator/PicStrip.build/assetcatalog_output/thinned --thinned-dependencies /var/folders/71/c1wqy1_x26s5tgyqvfv1mhcr0000gn/T/snapshot_derived20260506-11270-ygdy2/Build/Intermediates.noindex/PicStrip.build/Debug-iphonesimulator/PicStrip.build/assetcatalog_dependencies_thinned --thinned-info-plist-content /var/folders/71/c1wqy1_x26s5tgyqvfv1mhcr0000gn/T/snapshot_derived20260506-11270-ygdy2/Build/Intermediates.noindex/PicStrip.build/Debug-iphonesimulator/PicStrip.build/assetcatalog_generated_info.plist_thinned --unthinned /var/folders/71/c1wqy1_x26s5tgyqvfv1mhcr0000gn/T/snapshot_derived20260506-11270-ygdy2/Build/Intermediates.noindex/PicStrip.build/Debug-iphonesimulator/PicStrip.build/assetcatalog_output/unthinned --unthinned-dependencies /var/folders/71/c1wqy1_x26s5tgyqvfv1mhcr0000gn/T/snapshot_derived20260506-11270-ygdy2/Build/Intermediates.noindex/PicStrip.build/Debug-iphonesimulator/PicStrip.build/assetcatalog_dependencies_unthinned --unthinned-info-plist-content /var/folders/71/c1wqy1_x26s5tgyqvfv1mhcr0000gn/T/snapshot_derived20260506-11270-ygdy2/Build/Intermediates.noindex/PicStrip.build/Debug-iphonesimulator/PicStrip.build/assetcatalog_generated_info.plist_unthinned --output /var/folders/71/c1wqy1_x26s5tgyqvfv1mhcr0000gn/T/snapshot_derived20260506-11270-ygdy2/Build/Products/Debug-iphonesimulator/PicStrip.app --plist-output /var/folders/71/c1wqy1_x26s5tgyqvfv1mhcr0000gn/T/snapshot_derived20260506-11270-ygdy2/Build/Intermediates.noindex/PicStrip.build/Debug-iphonesimulator/PicStrip.build/assetcatalog_generated_info.plist
note: Emplaced /var/folders/71/c1wqy1_x26s5tgyqvfv1mhcr0000gn/T/snapshot_derived20260506-11270-ygdy2/Build/Products/Debug-iphonesimulator/PicStrip.app/PicStrip76x76@2x~ipad.png (in target 'PicStrip' from project 'PicStrip')
note: Emplaced /var/folders/71/c1wqy1_x26s5tgyqvfv1mhcr0000gn/T/snapshot_derived20260506-11270-ygdy2/Build/Products/Debug-iphonesimulator/PicStrip.app/Assets.car (in target 'PicStrip' from project 'PicStrip')
note: Emplaced /var/folders/71/c1wqy1_x26s5tgyqvfv1mhcr0000gn/T/snapshot_derived20260506-11270-ygdy2/Build/Products/Debug-iphonesimulator/PicStrip.app/PicStrip60x60@2x.png (in target 'PicStrip' from project 'PicStrip')

ProcessInfoPlistFile /var/folders/71/c1wqy1_x26s5tgyqvfv1mhcr0000gn/T/snapshot_derived20260506-11270-ygdy2/Build/Products/Debug-iphonesimulator/PicStrip.app/Info.plist /var/folders/71/c1wqy1_x26s5tgyqvfv1mhcr0000gn/T/snapshot_derived20260506-11270-ygdy2/Build/Intermediates.noindex/PicStrip.build/Debug-iphonesimulator/PicStrip.build/empty-PicStrip.plist (in target 'PicStrip' from project 'PicStrip')
    cd /Users/eddie/Development/PicStrip
    builtin-infoPlistUtility /var/folders/71/c1wqy1_x26s5tgyqvfv1mhcr0000gn/T/snapshot_derived20260506-11270-ygdy2/Build/Intermediates.noindex/PicStrip.build/Debug-iphonesimulator/PicStrip.build/empty-PicStrip.plist -producttype com.apple.product-type.application -genpkginfo /var/folders/71/c1wqy1_x26s5tgyqvfv1mhcr0000gn/T/snapshot_derived20260506-11270-ygdy2/Build/Products/Debug-iphonesimulator/PicStrip.app/PkgInfo -expandbuildsettings -format binary -platform iphonesimulator -additionalcontentfile /var/folders/71/c1wqy1_x26s5tgyqvfv1mhcr0000gn/T/snapshot_derived20260506-11270-ygdy2/Build/Intermediates.noindex/PicStrip.build/Debug-iphonesimulator/PicStrip.build/assetcatalog_generated_info.plist -scanforprivacyfile /var/folders/71/c1wqy1_x26s5tgyqvfv1mhcr0000gn/T/snapshot_derived20260506-11270-ygdy2/Build/Products/Debug-iphonesimulator/PicStrip.app/PlugIns/PicStripShareExtension.appex -o /var/folders/71/c1wqy1_x26s5tgyqvfv1mhcr0000gn/T/snapshot_derived20260506-11270-ygdy2/Build/Products/Debug-iphonesimulator/PicStrip.app/Info.plist

CopySwiftLibs /var/folders/71/c1wqy1_x26s5tgyqvfv1mhcr0000gn/T/snapshot_derived20260506-11270-ygdy2/Build/Products/Debug-iphonesimulator/PicStrip.app (in target 'PicStrip' from project 'PicStrip')
    cd /Users/eddie/Development/PicStrip
    builtin-swiftStdLibTool --copy --verbose --scan-executable /var/folders/71/c1wqy1_x26s5tgyqvfv1mhcr0000gn/T/snapshot_derived20260506-11270-ygdy2/Build/Products/Debug-iphonesimulator/PicStrip.app/PicStrip.debug.dylib --scan-folder /var/folders/71/c1wqy1_x26s5tgyqvfv1mhcr0000gn/T/snapshot_derived20260506-11270-ygdy2/Build/Products/Debug-iphonesimulator/PicStrip.app/Frameworks --scan-folder /var/folders/71/c1wqy1_x26s5tgyqvfv1mhcr0000gn/T/snapshot_derived20260506-11270-ygdy2/Build/Products/Debug-iphonesimulator/PicStrip.app/PlugIns --scan-folder /var/folders/71/c1wqy1_x26s5tgyqvfv1mhcr0000gn/T/snapshot_derived20260506-11270-ygdy2/Build/Products/Debug-iphonesimulator/PicStrip.app/SystemExtensions --scan-folder /var/folders/71/c1wqy1_x26s5tgyqvfv1mhcr0000gn/T/snapshot_derived20260506-11270-ygdy2/Build/Products/Debug-iphonesimulator/PicStrip.app/Extensions --scan-folder /Applications/Xcode.app/Contents/Developer/Platforms/iPhoneSimulator.platform/Developer/SDKs/iPhoneSimulator26.4.sdk/System/Library/Frameworks/AppIntents.framework --platform iphonesimulator --toolchain /Applications/Xcode.app/Contents/Developer/Toolchains/XcodeDefault.xctoolchain --destination /var/folders/71/c1wqy1_x26s5tgyqvfv1mhcr0000gn/T/snapshot_derived20260506-11270-ygdy2/Build/Products/Debug-iphonesimulator/PicStrip.app/Frameworks --strip-bitcode --strip-bitcode-tool /Applications/Xcode.app/Contents/Developer/Toolchains/XcodeDefault.xctoolchain/usr/bin/bitcode_strip --emit-dependency-info /var/folders/71/c1wqy1_x26s5tgyqvfv1mhcr0000gn/T/snapshot_derived20260506-11270-ygdy2/Build/Intermediates.noindex/PicStrip.build/Debug-iphonesimulator/PicStrip.build/SwiftStdLibToolInputDependencies.dep --filter-for-swift-os
Ignoring --strip-bitcode because --sign was not passed

** BUILD SUCCEEDED **

note: Using codesigning identity override: 
ComputePackagePrebuildTargetDependencyGraph

Prepare packages

CreateBuildRequest

SendProjectDescription

CreateBuildOperation

ComputeTargetDependencyGraph
note: Building targets in dependency order
note: Target dependency graph (3 targets)
    Target 'PicStripUITests' in project 'PicStrip'
        ➜ Explicit dependency on target 'PicStrip' in project 'PicStrip'
    Target 'PicStrip' in project 'PicStrip'
        ➜ Explicit dependency on target 'PicStripShareExtension' in project 'PicStrip'
    Target 'PicStripShareExtension' in project 'PicStrip' (no dependencies)

GatherProvisioningInputs

CreateBuildDescription

ExecuteExternalTool /Applications/Xcode.app/Contents/Developer/Toolchains/XcodeDefault.xctoolchain/usr/bin/swiftc --version

ExecuteExternalTool /Applications/Xcode.app/Contents/Developer/Toolchains/XcodeDefault.xctoolchain/usr/bin/clang -v -E -dM -isysroot /Applications/Xcode.app/Contents/Developer/Platforms/iPhoneSimulator.platform/Developer/SDKs/iPhoneSimulator26.4.sdk -x c -c /dev/null

ExecuteExternalTool /Applications/Xcode.app/Contents/Developer/usr/bin/xcstringstool compile --dry-run --output-directory /var/folders/71/c1wqy1_x26s5tgyqvfv1mhcr0000gn/T/snapshot_derived20260506-11270-ygdy2/Build/Intermediates.noindex/PicStrip.build/Debug-iphonesimulator/PicStrip.build /Users/eddie/Development/PicStrip/PicStrip/AppShortcuts.xcstrings

ExecuteExternalTool /Applications/Xcode.app/Contents/Developer/usr/bin/actool --print-asset-tag-combinations --output-format xml1 /Users/eddie/Development/PicStrip/PicStrip/Assets.xcassets /Users/eddie/Development/PicStrip/PicStrip/PicStrip.icon

ExecuteExternalTool /Applications/Xcode.app/Contents/Developer/usr/bin/actool --version --output-format xml1

ExecuteExternalTool /Applications/Xcode.app/Contents/Developer/usr/bin/xcstringstool compile --dry-run --output-directory /var/folders/71/c1wqy1_x26s5tgyqvfv1mhcr0000gn/T/snapshot_derived20260506-11270-ygdy2/Build/Intermediates.noindex/PicStrip.build/Debug-iphonesimulator/PicStrip.build /Users/eddie/Development/PicStrip/PicStrip/Localizable.xcstrings

ExecuteExternalTool /Applications/Xcode.app/Contents/Developer/Toolchains/XcodeDefault.xctoolchain/usr/bin/ld -version_details

Build description signature: 61ebded3e23ad562e07cc2d249e6f3d8
Build description path: /var/folders/71/c1wqy1_x26s5tgyqvfv1mhcr0000gn/T/snapshot_derived20260506-11270-ygdy2/Build/Intermediates.noindex/XCBuildData/61ebded3e23ad562e07cc2d249e6f3d8.xcbuilddata
ClangStatCache /Applications/Xcode.app/Contents/Developer/Toolchains/XcodeDefault.xctoolchain/usr/bin/clang-stat-cache /Applications/Xcode.app/Contents/Developer/Platforms/iPhoneSimulator.platform/Developer/SDKs/iPhoneSimulator26.4.sdk /var/folders/71/c1wqy1_x26s5tgyqvfv1mhcr0000gn/T/snapshot_derived20260506-11270-ygdy2/SDKStatCaches.noindex/iphonesimulator26.4-23E252-686eebb5dc1d8ecb277353a59184f4aa.sdkstatcache
    cd /Users/eddie/Development/PicStrip/PicStrip.xcodeproj
    /Applications/Xcode.app/Contents/Developer/Toolchains/XcodeDefault.xctoolchain/usr/bin/clang-stat-cache /Applications/Xcode.app/Contents/Developer/Platforms/iPhoneSimulator.platform/Developer/SDKs/iPhoneSimulator26.4.sdk -o /var/folders/71/c1wqy1_x26s5tgyqvfv1mhcr0000gn/T/snapshot_derived20260506-11270-ygdy2/SDKStatCaches.noindex/iphonesimulator26.4-23E252-686eebb5dc1d8ecb277353a59184f4aa.sdkstatcache

ProcessInfoPlistFile /var/folders/71/c1wqy1_x26s5tgyqvfv1mhcr0000gn/T/snapshot_derived20260506-11270-ygdy2/Build/Products/Debug-iphonesimulator/PicStripShareExtension.appex/Info.plist /Users/eddie/Development/PicStrip/PicStripShareExtension/Info.plist (in target 'PicStripShareExtension' from project 'PicStrip')
    cd /Users/eddie/Development/PicStrip
    builtin-infoPlistUtility /Users/eddie/Development/PicStrip/PicStripShareExtension/Info.plist -producttype com.apple.product-type.app-extension -expandbuildsettings -format binary -platform iphonesimulator -o /var/folders/71/c1wqy1_x26s5tgyqvfv1mhcr0000gn/T/snapshot_derived20260506-11270-ygdy2/Build/Products/Debug-iphonesimulator/PicStripShareExtension.appex/Info.plist

ProcessInfoPlistFile /var/folders/71/c1wqy1_x26s5tgyqvfv1mhcr0000gn/T/snapshot_derived20260506-11270-ygdy2/Build/Products/Debug-iphonesimulator/PicStrip.app/Info.plist /var/folders/71/c1wqy1_x26s5tgyqvfv1mhcr0000gn/T/snapshot_derived20260506-11270-ygdy2/Build/Intermediates.noindex/PicStrip.build/Debug-iphonesimulator/PicStrip.build/empty-PicStrip.plist (in target 'PicStrip' from project 'PicStrip')
    cd /Users/eddie/Development/PicStrip
    builtin-infoPlistUtility /var/folders/71/c1wqy1_x26s5tgyqvfv1mhcr0000gn/T/snapshot_derived20260506-11270-ygdy2/Build/Intermediates.noindex/PicStrip.build/Debug-iphonesimulator/PicStrip.build/empty-PicStrip.plist -producttype com.apple.product-type.application -genpkginfo /var/folders/71/c1wqy1_x26s5tgyqvfv1mhcr0000gn/T/snapshot_derived20260506-11270-ygdy2/Build/Products/Debug-iphonesimulator/PicStrip.app/PkgInfo -expandbuildsettings -format binary -platform iphonesimulator -additionalcontentfile /var/folders/71/c1wqy1_x26s5tgyqvfv1mhcr0000gn/T/snapshot_derived20260506-11270-ygdy2/Build/Intermediates.noindex/PicStrip.build/Debug-iphonesimulator/PicStrip.build/assetcatalog_generated_info.plist -scanforprivacyfile /var/folders/71/c1wqy1_x26s5tgyqvfv1mhcr0000gn/T/snapshot_derived20260506-11270-ygdy2/Build/Products/Debug-iphonesimulator/PicStrip.app/PlugIns/PicStripShareExtension.appex -o /var/folders/71/c1wqy1_x26s5tgyqvfv1mhcr0000gn/T/snapshot_derived20260506-11270-ygdy2/Build/Products/Debug-iphonesimulator/PicStrip.app/Info.plist

CopySwiftLibs /var/folders/71/c1wqy1_x26s5tgyqvfv1mhcr0000gn/T/snapshot_derived20260506-11270-ygdy2/Build/Products/Debug-iphonesimulator/PicStrip.app (in target 'PicStrip' from project 'PicStrip')
    cd /Users/eddie/Development/PicStrip
    builtin-swiftStdLibTool --copy --verbose --scan-executable /var/folders/71/c1wqy1_x26s5tgyqvfv1mhcr0000gn/T/snapshot_derived20260506-11270-ygdy2/Build/Products/Debug-iphonesimulator/PicStrip.app/PicStrip.debug.dylib --scan-folder /var/folders/71/c1wqy1_x26s5tgyqvfv1mhcr0000gn/T/snapshot_derived20260506-11270-ygdy2/Build/Products/Debug-iphonesimulator/PicStrip.app/Frameworks --scan-folder /var/folders/71/c1wqy1_x26s5tgyqvfv1mhcr0000gn/T/snapshot_derived20260506-11270-ygdy2/Build/Products/Debug-iphonesimulator/PicStrip.app/PlugIns --scan-folder /var/folders/71/c1wqy1_x26s5tgyqvfv1mhcr0000gn/T/snapshot_derived20260506-11270-ygdy2/Build/Products/Debug-iphonesimulator/PicStrip.app/SystemExtensions --scan-folder /var/folders/71/c1wqy1_x26s5tgyqvfv1mhcr0000gn/T/snapshot_derived20260506-11270-ygdy2/Build/Products/Debug-iphonesimulator/PicStrip.app/Extensions --scan-folder /Applications/Xcode.app/Contents/Developer/Platforms/iPhoneSimulator.platform/Developer/SDKs/iPhoneSimulator26.4.sdk/System/Library/Frameworks/AppIntents.framework --platform iphonesimulator --toolchain /Applications/Xcode.app/Contents/Developer/Toolchains/XcodeDefault.xctoolchain --destination /var/folders/71/c1wqy1_x26s5tgyqvfv1mhcr0000gn/T/snapshot_derived20260506-11270-ygdy2/Build/Products/Debug-iphonesimulator/PicStrip.app/Frameworks --strip-bitcode --strip-bitcode-tool /Applications/Xcode.app/Contents/Developer/Toolchains/XcodeDefault.xctoolchain/usr/bin/bitcode_strip --emit-dependency-info /var/folders/71/c1wqy1_x26s5tgyqvfv1mhcr0000gn/T/snapshot_derived20260506-11270-ygdy2/Build/Intermediates.noindex/PicStrip.build/Debug-iphonesimulator/PicStrip.build/SwiftStdLibToolInputDependencies.dep --filter-for-swift-os
Ignoring --strip-bitcode because --sign was not passed

ProcessInfoPlistFile /var/folders/71/c1wqy1_x26s5tgyqvfv1mhcr0000gn/T/snapshot_derived20260506-11270-ygdy2/Build/Products/Debug-iphonesimulator/PicStripUITests-Runner.app/PlugIns/PicStripUITests.xctest/Info.plist /var/folders/71/c1wqy1_x26s5tgyqvfv1mhcr0000gn/T/snapshot_derived20260506-11270-ygdy2/Build/Intermediates.noindex/PicStrip.build/Debug-iphonesimulator/PicStripUITests.build/empty-PicStripUITests.plist (in target 'PicStripUITests' from project 'PicStrip')
    cd /Users/eddie/Development/PicStrip
    builtin-infoPlistUtility /var/folders/71/c1wqy1_x26s5tgyqvfv1mhcr0000gn/T/snapshot_derived20260506-11270-ygdy2/Build/Intermediates.noindex/PicStrip.build/Debug-iphonesimulator/PicStripUITests.build/empty-PicStripUITests.plist -producttype com.apple.product-type.bundle.ui-testing -expandbuildsettings -format binary -platform iphonesimulator -additionalcontentfile /var/folders/71/c1wqy1_x26s5tgyqvfv1mhcr0000gn/T/snapshot_derived20260506-11270-ygdy2/Build/Intermediates.noindex/PicStrip.build/Debug-iphonesimulator/PicStripUITests.build/ProductTypeInfoPlistAdditions.plist -o /var/folders/71/c1wqy1_x26s5tgyqvfv1mhcr0000gn/T/snapshot_derived20260506-11270-ygdy2/Build/Products/Debug-iphonesimulator/PicStripUITests-Runner.app/PlugIns/PicStripUITests.xctest/Info.plist

CopySwiftLibs /var/folders/71/c1wqy1_x26s5tgyqvfv1mhcr0000gn/T/snapshot_derived20260506-11270-ygdy2/Build/Products/Debug-iphonesimulator/PicStripUITests-Runner.app/PlugIns/PicStripUITests.xctest (in target 'PicStripUITests' from project 'PicStrip')
    cd /Users/eddie/Development/PicStrip
    builtin-swiftStdLibTool --copy --verbose --scan-executable /var/folders/71/c1wqy1_x26s5tgyqvfv1mhcr0000gn/T/snapshot_derived20260506-11270-ygdy2/Build/Products/Debug-iphonesimulator/PicStripUITests-Runner.app/PlugIns/PicStripUITests.xctest/PicStripUITests --scan-folder /var/folders/71/c1wqy1_x26s5tgyqvfv1mhcr0000gn/T/snapshot_derived20260506-11270-ygdy2/Build/Products/Debug-iphonesimulator/PicStripUITests-Runner.app/PlugIns/PicStripUITests.xctest/Frameworks --scan-folder /var/folders/71/c1wqy1_x26s5tgyqvfv1mhcr0000gn/T/snapshot_derived20260506-11270-ygdy2/Build/Products/Debug-iphonesimulator/PicStripUITests-Runner.app/PlugIns/PicStripUITests.xctest/PlugIns --scan-folder /var/folders/71/c1wqy1_x26s5tgyqvfv1mhcr0000gn/T/snapshot_derived20260506-11270-ygdy2/Build/Products/Debug-iphonesimulator/PicStripUITests-Runner.app/PlugIns/PicStripUITests.xctest/SystemExtensions --scan-folder /var/folders/71/c1wqy1_x26s5tgyqvfv1mhcr0000gn/T/snapshot_derived20260506-11270-ygdy2/Build/Products/Debug-iphonesimulator/PicStripUITests-Runner.app/PlugIns/PicStripUITests.xctest/Extensions --platform iphonesimulator --toolchain /Applications/Xcode.app/Contents/Developer/Toolchains/XcodeDefault.xctoolchain --destination /var/folders/71/c1wqy1_x26s5tgyqvfv1mhcr0000gn/T/snapshot_derived20260506-11270-ygdy2/Build/Products/Debug-iphonesimulator/PicStripUITests-Runner.app/PlugIns/PicStripUITests.xctest/Frameworks --strip-bitcode --scan-executable /Applications/Xcode.app/Contents/Developer/Platforms/iPhoneSimulator.platform/Developer/usr/lib/libXCTestSwiftSupport.dylib --strip-bitcode-tool /Applications/Xcode.app/Contents/Developer/Toolchains/XcodeDefault.xctoolchain/usr/bin/bitcode_strip --emit-dependency-info /var/folders/71/c1wqy1_x26s5tgyqvfv1mhcr0000gn/T/snapshot_derived20260506-11270-ygdy2/Build/Intermediates.noindex/PicStrip.build/Debug-iphonesimulator/PicStripUITests.build/SwiftStdLibToolInputDependencies.dep --filter-for-swift-os
Ignoring --strip-bitcode because --sign was not passed

2026-05-06 19:36:35.244394-0500 PicStripUITests-Runner[12334:4283198] [Default] Running tests...
objc[12334]: Class UIAccessibilityLoaderWebShared is implemented in both /Library/Developer/CoreSimulator/Volumes/iOS_23E254a/Library/Developer/CoreSimulator/Profiles/Runtimes/iOS 26.4.simruntime/Contents/Resources/RuntimeRoot/System/Library/AccessibilityBundles/WebCore.axbundle/WebCore (0x10ae10310) and /Library/Developer/CoreSimulator/Volumes/iOS_23E254a/Library/Developer/CoreSimulator/Profiles/Runtimes/iOS 26.4.simruntime/Contents/Resources/RuntimeRoot/System/Library/AccessibilityBundles/WebKit.axbundle/WebKit (0x10a6dc398). This may cause spurious casting failures and mysterious crashes. One of the duplicates must be removed or renamed.
    t =      nans Interface orientation changed to Portrait
Test Suite 'Selected tests' started at 2026-05-06 19:36:41.130.
Test Suite 'PicStripUITests.xctest' started at 2026-05-06 19:36:41.130.
Test Suite 'PicStripUITests' started at 2026-05-06 19:36:41.130.
Test Case '-[PicStripUITests.PicStripUITests testAllScreenshots]' started.
    t =     0.00s Start Test at 2026-05-06 19:36:41.131
    t =     0.29s Set Up
    t =     0.30s Open com.northcutt.PicStrip
    t =     0.30s     Launch com.northcutt.PicStrip
    t =     5.73s         Setting up automation session
    t =     6.54s         Wait for com.northcutt.PicStrip to idle
    t =     9.56s Find the Window (First Match)
    t =    10.66s Checking `Expect predicate `exists == 0` for object Other (Elements containing elements matching predicate 'BLOCKPREDICATE(0x10a21c660)')`
    t =    10.66s     Checking existence of `Other (Elements containing elements matching predicate 'BLOCKPREDICATE(0x10a21c660)')`
    t =    10.66s         Requesting snapshot of accessibility hierarchy for app with pid 12389
    t =    10.72s         Find: Descendants matching type Other
    t =    10.72s         Find: Elements containing elements matching predicate 'BLOCKPREDICATE(0x10a21d2f0)'
2026-05-06 19:36:51.858850-0500 PicStripUITests-Runner[12334:4283198] snapshot: 01_Home
    t =    11.93s Getting device orientation
    t =    12.48s Waiting 5.0s for "infoButton" Button to exist
    t =    13.52s     Checking `Expect predicate `existsNoRetry == 1` for object "infoButton" Button`
    t =    13.52s         Checking existence of `"infoButton" Button`
    t =    13.58s Tap "infoButton" Button
    t =    13.58s     Wait for com.northcutt.PicStrip to idle
    t =    13.58s     Find the "infoButton" Button
    t =    13.60s     Check for interrupting elements affecting "infoButton" Button
    t =    13.65s     Synthesize event
    t =    14.07s     Wait for com.northcutt.PicStrip to idle
    t =    15.98s Find the Window (First Match)
    t =    17.03s Checking `Expect predicate `exists == 0` for object Other (Elements containing elements matching predicate 'BLOCKPREDICATE(0x117690570)')`
    t =    17.03s     Checking existence of `Other (Elements containing elements matching predicate 'BLOCKPREDICATE(0x117690570)')`
    t =    17.03s         Requesting snapshot of accessibility hierarchy for app with pid 12389
    t =    17.13s         Find: Descendants matching type Other
    t =    17.13s         Find: Elements containing elements matching predicate 'BLOCKPREDICATE(0x117690ae0)'
2026-05-06 19:36:58.267393-0500 PicStripUITests-Runner[12334:4283198] snapshot: 02_About
    t =    18.26s Getting device orientation
    t =    18.32s Terminate com.northcutt.PicStrip:12389
    t =    19.40s Open com.northcutt.PicStrip
    t =    19.40s     Launch com.northcutt.PicStrip
    t =    19.62s         Setting up automation session
    t =    20.59s         Wait for com.northcutt.PicStrip to idle
    t =    22.50s Waiting 15.0s for "Dismiss photo" Button to exist
    t =    23.53s     Checking `Expect predicate `existsNoRetry == 1` for object "Dismiss photo" Button`
    t =    23.54s         Checking existence of `"Dismiss photo" Button`
    t =    25.12s Find the Window (First Match)
    t =    26.17s Checking `Expect predicate `exists == 0` for object Other (Elements containing elements matching predicate 'BLOCKPREDICATE(0x117691b60)')`
    t =    26.17s     Checking existence of `Other (Elements containing elements matching predicate 'BLOCKPREDICATE(0x117691b60)')`
    t =    26.17s         Requesting snapshot of accessibility hierarchy for app with pid 12411
    t =    26.22s         Find: Descendants matching type Other
    t =    26.22s         Find: Elements containing elements matching predicate 'BLOCKPREDICATE(0x117693060)'
2026-05-06 19:37:07.350441-0500 PicStripUITests-Runner[12334:4283198] snapshot: 03_PhotoLoaded
    t =    27.37s Getting device orientation
    t =    27.42s Waiting 5.0s for "badge_EXIF" Button to exist
    t =    28.45s     Checking `Expect predicate `existsNoRetry == 1` for object "badge_EXIF" Button`
    t =    28.45s         Checking existence of `"badge_EXIF" Button`
    t =    28.48s Tap "badge_EXIF" Button
    t =    28.48s     Wait for com.northcutt.PicStrip to idle
    t =    28.49s     Find the "badge_EXIF" Button
    t =    28.51s     Check for interrupting elements affecting "badge_EXIF" Button
    t =    28.53s     Synthesize event
    t =    28.82s     Wait for com.northcutt.PicStrip to idle
    t =    29.43s Find the Window (First Match)
    t =    30.47s Checking `Expect predicate `exists == 0` for object Other (Elements containing elements matching predicate 'BLOCKPREDICATE(0x117764f60)')`
    t =    30.47s     Checking existence of `Other (Elements containing elements matching predicate 'BLOCKPREDICATE(0x117764f60)')`
    t =    30.47s         Requesting snapshot of accessibility hierarchy for app with pid 12411
    t =    30.52s         Find: Descendants matching type Other
    t =    30.52s         Find: Elements containing elements matching predicate 'BLOCKPREDICATE(0x117764510)'
2026-05-06 19:37:11.659077-0500 PicStripUITests-Runner[12334:4283198] snapshot: 04_MetadataDetail
    t =    31.69s Getting device orientation
    t =    31.76s Tap "badge_EXIF" Button
    t =    31.76s     Wait for com.northcutt.PicStrip to idle
    t =    31.76s     Find the "badge_EXIF" Button
    t =    31.80s     Check for interrupting elements affecting "badge_EXIF" Button
    t =    31.84s     Synthesize event
    t =    32.14s     Wait for com.northcutt.PicStrip to idle
    t =    32.64s Waiting 5.0s for "saveButton" Button to exist
    t =    33.67s     Checking `Expect predicate `existsNoRetry == 1` for object "saveButton" Button`
    t =    33.67s         Checking existence of `"saveButton" Button`
    t =    33.71s Tap "saveButton" Button
    t =    33.71s     Wait for com.northcutt.PicStrip to idle
    t =    33.71s     Find the "saveButton" Button
    t =    33.74s     Check for interrupting elements affecting "saveButton" Button
    t =    33.76s     Synthesize event
    t =    34.05s     Wait for com.northcutt.PicStrip to idle
    t =    35.73s Find the Window (First Match)
    t =    36.77s Checking `Expect predicate `exists == 0` for object Other (Elements containing elements matching predicate 'BLOCKPREDICATE(0x1177656b0)')`
    t =    36.77s     Checking existence of `Other (Elements containing elements matching predicate 'BLOCKPREDICATE(0x1177656b0)')`
    t =    36.77s         Requesting snapshot of accessibility hierarchy for app with pid 12411
    t =    36.87s         Find: Descendants matching type Other
    t =    36.87s         Find: Elements containing elements matching predicate 'BLOCKPREDICATE(0x117765320)'
2026-05-06 19:37:18.006924-0500 PicStripUITests-Runner[12334:4283198] snapshot: 05_ReviewAndSave
    t =    38.02s Getting device orientation
    t =    38.07s Tear Down
Test Case '-[PicStripUITests.PicStripUITests testAllScreenshots]' passed (38.424 seconds).
Test Suite 'PicStripUITests' passed at 2026-05-06 19:37:19.557.
	 Executed 1 test, with 0 failures (0 unexpected) in 38.424 (38.427) seconds
Test Suite 'PicStripUITests.xctest' passed at 2026-05-06 19:37:19.558.
	 Executed 1 test, with 0 failures (0 unexpected) in 38.424 (38.428) seconds
Test Suite 'Selected tests' passed at 2026-05-06 19:37:19.559.
	 Executed 1 test, with 0 failures (0 unexpected) in 38.424 (38.429) seconds

Test session results, code coverage, and logs:
	/var/folders/71/c1wqy1_x26s5tgyqvfv1mhcr0000gn/T/snapshot_derived20260506-11270-ygdy2/Logs/Test/Run-PicStripScreenshots-2026.05.06_19-35-59--0500.xcresult

** TEST SUCCEEDED **

Testing started
Command line invocation:
    /Applications/Xcode.app/Contents/Developer/usr/bin/xcodebuild -scheme PicStripScreenshots -project ./PicStrip.xcodeproj -disableAutomaticPackageResolution -sdk iphonesimulator -derivedDataPath /var/folders/71/c1wqy1_x26s5tgyqvfv1mhcr0000gn/T/snapshot_derived20260506-11270-ygdy2 CODE_SIGN_IDENTITY= CODE_SIGNING_REQUIRED=NO CODE_SIGNING_ALLOWED=NO -destination "platform=iOS Simulator,id=3DD62A8E-1CFB-4D74-96A2-00DBFCE85F69" FASTLANE_SNAPSHOT=YES FASTLANE_LANGUAGE=en-US build test

Build settings from command line:
    CODE_SIGN_IDENTITY = 
    CODE_SIGNING_ALLOWED = NO
    CODE_SIGNING_REQUIRED = NO
    FASTLANE_LANGUAGE = en-US
    FASTLANE_SNAPSHOT = YES
    SDKROOT = iphonesimulator26.4

note: Using codesigning identity override: 
ComputePackagePrebuildTargetDependencyGraph

Prepare packages

CreateBuildRequest

SendProjectDescription

CreateBuildOperation

ComputeTargetDependencyGraph
note: Building targets in dependency order
note: Target dependency graph (2 targets)
    Target 'PicStrip' in project 'PicStrip'
        ➜ Explicit dependency on target 'PicStripShareExtension' in project 'PicStrip'
    Target 'PicStripShareExtension' in project 'PicStrip' (no dependencies)

GatherProvisioningInputs

CreateBuildDescription

ExecuteExternalTool /Applications/Xcode.app/Contents/Developer/Toolchains/XcodeDefault.xctoolchain/usr/bin/clang -v -E -dM -isysroot /Applications/Xcode.app/Contents/Developer/Platforms/iPhoneSimulator.platform/Developer/SDKs/iPhoneSimulator26.4.sdk -x c -c /dev/null

ExecuteExternalTool /Applications/Xcode.app/Contents/Developer/Toolchains/XcodeDefault.xctoolchain/usr/bin/swiftc --version

ExecuteExternalTool /Applications/Xcode.app/Contents/Developer/usr/bin/xcstringstool compile --dry-run --output-directory /var/folders/71/c1wqy1_x26s5tgyqvfv1mhcr0000gn/T/snapshot_derived20260506-11270-ygdy2/Build/Intermediates.noindex/PicStrip.build/Debug-iphonesimulator/PicStrip.build /Users/eddie/Development/PicStrip/PicStrip/AppShortcuts.xcstrings

ExecuteExternalTool /Applications/Xcode.app/Contents/Developer/usr/bin/actool --print-asset-tag-combinations --output-format xml1 /Users/eddie/Development/PicStrip/PicStrip/Assets.xcassets /Users/eddie/Development/PicStrip/PicStrip/PicStrip.icon

ExecuteExternalTool /Applications/Xcode.app/Contents/Developer/usr/bin/actool --version --output-format xml1

ExecuteExternalTool /Applications/Xcode.app/Contents/Developer/usr/bin/xcstringstool compile --dry-run --output-directory /var/folders/71/c1wqy1_x26s5tgyqvfv1mhcr0000gn/T/snapshot_derived20260506-11270-ygdy2/Build/Intermediates.noindex/PicStrip.build/Debug-iphonesimulator/PicStrip.build /Users/eddie/Development/PicStrip/PicStrip/Localizable.xcstrings

ExecuteExternalTool /Applications/Xcode.app/Contents/Developer/Toolchains/XcodeDefault.xctoolchain/usr/bin/ld -version_details

Build description signature: f5aa6f2845745cdf8c825ca6e9c2c049
Build description path: /var/folders/71/c1wqy1_x26s5tgyqvfv1mhcr0000gn/T/snapshot_derived20260506-11270-ygdy2/Build/Intermediates.noindex/XCBuildData/f5aa6f2845745cdf8c825ca6e9c2c049.xcbuilddata
ClangStatCache /Applications/Xcode.app/Contents/Developer/Toolchains/XcodeDefault.xctoolchain/usr/bin/clang-stat-cache /Applications/Xcode.app/Contents/Developer/Platforms/iPhoneSimulator.platform/Developer/SDKs/iPhoneSimulator26.4.sdk /var/folders/71/c1wqy1_x26s5tgyqvfv1mhcr0000gn/T/snapshot_derived20260506-11270-ygdy2/SDKStatCaches.noindex/iphonesimulator26.4-23E252-686eebb5dc1d8ecb277353a59184f4aa.sdkstatcache
    cd /Users/eddie/Development/PicStrip/PicStrip.xcodeproj
    /Applications/Xcode.app/Contents/Developer/Toolchains/XcodeDefault.xctoolchain/usr/bin/clang-stat-cache /Applications/Xcode.app/Contents/Developer/Platforms/iPhoneSimulator.platform/Developer/SDKs/iPhoneSimulator26.4.sdk -o /var/folders/71/c1wqy1_x26s5tgyqvfv1mhcr0000gn/T/snapshot_derived20260506-11270-ygdy2/SDKStatCaches.noindex/iphonesimulator26.4-23E252-686eebb5dc1d8ecb277353a59184f4aa.sdkstatcache

ProcessInfoPlistFile /var/folders/71/c1wqy1_x26s5tgyqvfv1mhcr0000gn/T/snapshot_derived20260506-11270-ygdy2/Build/Products/Debug-iphonesimulator/PicStripShareExtension.appex/Info.plist /Users/eddie/Development/PicStrip/PicStripShareExtension/Info.plist (in target 'PicStripShareExtension' from project 'PicStrip')
    cd /Users/eddie/Development/PicStrip
    builtin-infoPlistUtility /Users/eddie/Development/PicStrip/PicStripShareExtension/Info.plist -producttype com.apple.product-type.app-extension -expandbuildsettings -format binary -platform iphonesimulator -o /var/folders/71/c1wqy1_x26s5tgyqvfv1mhcr0000gn/T/snapshot_derived20260506-11270-ygdy2/Build/Products/Debug-iphonesimulator/PicStripShareExtension.appex/Info.plist

CompileAssetCatalogVariant thinned /var/folders/71/c1wqy1_x26s5tgyqvfv1mhcr0000gn/T/snapshot_derived20260506-11270-ygdy2/Build/Products/Debug-iphonesimulator/PicStrip.app /Users/eddie/Development/PicStrip/PicStrip/Assets.xcassets /Users/eddie/Development/PicStrip/PicStrip/PicStrip.icon (in target 'PicStrip' from project 'PicStrip')
    cd /Users/eddie/Development/PicStrip
    /Applications/Xcode.app/Contents/Developer/usr/bin/actool /Users/eddie/Development/PicStrip/PicStrip/Assets.xcassets /Users/eddie/Development/PicStrip/PicStrip/PicStrip.icon --compile /var/folders/71/c1wqy1_x26s5tgyqvfv1mhcr0000gn/T/snapshot_derived20260506-11270-ygdy2/Build/Intermediates.noindex/PicStrip.build/Debug-iphonesimulator/PicStrip.build/assetcatalog_output/thinned --output-format human-readable-text --notices --warnings --export-dependency-info /var/folders/71/c1wqy1_x26s5tgyqvfv1mhcr0000gn/T/snapshot_derived20260506-11270-ygdy2/Build/Intermediates.noindex/PicStrip.build/Debug-iphonesimulator/PicStrip.build/assetcatalog_dependencies_thinned --output-partial-info-plist /var/folders/71/c1wqy1_x26s5tgyqvfv1mhcr0000gn/T/snapshot_derived20260506-11270-ygdy2/Build/Intermediates.noindex/PicStrip.build/Debug-iphonesimulator/PicStrip.build/assetcatalog_generated_info.plist_thinned --app-icon PicStrip --include-all-app-icons --accent-color AccentColor --compress-pngs --enable-on-demand-resources YES --filter-for-thinning-device-configuration iPad17,4-A --filter-for-device-os-version 26.4.1 --development-region en --target-device iphone --target-device ipad --minimum-deployment-target 17.0 --platform iphonesimulator
/* com.apple.actool.compilation-results */
/var/folders/71/c1wqy1_x26s5tgyqvfv1mhcr0000gn/T/snapshot_derived20260506-11270-ygdy2/Build/Intermediates.noindex/PicStrip.build/Debug-iphonesimulator/PicStrip.build/assetcatalog_generated_info.plist_thinned
/var/folders/71/c1wqy1_x26s5tgyqvfv1mhcr0000gn/T/snapshot_derived20260506-11270-ygdy2/Build/Intermediates.noindex/PicStrip.build/Debug-iphonesimulator/PicStrip.build/assetcatalog_output/thinned/Assets.car
/var/folders/71/c1wqy1_x26s5tgyqvfv1mhcr0000gn/T/snapshot_derived20260506-11270-ygdy2/Build/Intermediates.noindex/PicStrip.build/Debug-iphonesimulator/PicStrip.build/assetcatalog_output/thinned/PicStrip60x60@2x.png
/var/folders/71/c1wqy1_x26s5tgyqvfv1mhcr0000gn/T/snapshot_derived20260506-11270-ygdy2/Build/Intermediates.noindex/PicStrip.build/Debug-iphonesimulator/PicStrip.build/assetcatalog_output/thinned/PicStrip76x76@2x~ipad.png


LinkAssetCatalog /Users/eddie/Development/PicStrip/PicStrip/Assets.xcassets /Users/eddie/Development/PicStrip/PicStrip/PicStrip.icon (in target 'PicStrip' from project 'PicStrip')
    cd /Users/eddie/Development/PicStrip
    builtin-linkAssetCatalog --thinned /var/folders/71/c1wqy1_x26s5tgyqvfv1mhcr0000gn/T/snapshot_derived20260506-11270-ygdy2/Build/Intermediates.noindex/PicStrip.build/Debug-iphonesimulator/PicStrip.build/assetcatalog_output/thinned --thinned-dependencies /var/folders/71/c1wqy1_x26s5tgyqvfv1mhcr0000gn/T/snapshot_derived20260506-11270-ygdy2/Build/Intermediates.noindex/PicStrip.build/Debug-iphonesimulator/PicStrip.build/assetcatalog_dependencies_thinned --thinned-info-plist-content /var/folders/71/c1wqy1_x26s5tgyqvfv1mhcr0000gn/T/snapshot_derived20260506-11270-ygdy2/Build/Intermediates.noindex/PicStrip.build/Debug-iphonesimulator/PicStrip.build/assetcatalog_generated_info.plist_thinned --unthinned /var/folders/71/c1wqy1_x26s5tgyqvfv1mhcr0000gn/T/snapshot_derived20260506-11270-ygdy2/Build/Intermediates.noindex/PicStrip.build/Debug-iphonesimulator/PicStrip.build/assetcatalog_output/unthinned --unthinned-dependencies /var/folders/71/c1wqy1_x26s5tgyqvfv1mhcr0000gn/T/snapshot_derived20260506-11270-ygdy2/Build/Intermediates.noindex/PicStrip.build/Debug-iphonesimulator/PicStrip.build/assetcatalog_dependencies_unthinned --unthinned-info-plist-content /var/folders/71/c1wqy1_x26s5tgyqvfv1mhcr0000gn/T/snapshot_derived20260506-11270-ygdy2/Build/Intermediates.noindex/PicStrip.build/Debug-iphonesimulator/PicStrip.build/assetcatalog_generated_info.plist_unthinned --output /var/folders/71/c1wqy1_x26s5tgyqvfv1mhcr0000gn/T/snapshot_derived20260506-11270-ygdy2/Build/Products/Debug-iphonesimulator/PicStrip.app --plist-output /var/folders/71/c1wqy1_x26s5tgyqvfv1mhcr0000gn/T/snapshot_derived20260506-11270-ygdy2/Build/Intermediates.noindex/PicStrip.build/Debug-iphonesimulator/PicStrip.build/assetcatalog_generated_info.plist
note: Emplaced /var/folders/71/c1wqy1_x26s5tgyqvfv1mhcr0000gn/T/snapshot_derived20260506-11270-ygdy2/Build/Products/Debug-iphonesimulator/PicStrip.app/Assets.car (in target 'PicStrip' from project 'PicStrip')
note: Emplaced /var/folders/71/c1wqy1_x26s5tgyqvfv1mhcr0000gn/T/snapshot_derived20260506-11270-ygdy2/Build/Products/Debug-iphonesimulator/PicStrip.app/PicStrip76x76@2x~ipad.png (in target 'PicStrip' from project 'PicStrip')
note: Emplaced /var/folders/71/c1wqy1_x26s5tgyqvfv1mhcr0000gn/T/snapshot_derived20260506-11270-ygdy2/Build/Products/Debug-iphonesimulator/PicStrip.app/PicStrip60x60@2x.png (in target 'PicStrip' from project 'PicStrip')

ProcessInfoPlistFile /var/folders/71/c1wqy1_x26s5tgyqvfv1mhcr0000gn/T/snapshot_derived20260506-11270-ygdy2/Build/Products/Debug-iphonesimulator/PicStrip.app/Info.plist /var/folders/71/c1wqy1_x26s5tgyqvfv1mhcr0000gn/T/snapshot_derived20260506-11270-ygdy2/Build/Intermediates.noindex/PicStrip.build/Debug-iphonesimulator/PicStrip.build/empty-PicStrip.plist (in target 'PicStrip' from project 'PicStrip')
    cd /Users/eddie/Development/PicStrip
    builtin-infoPlistUtility /var/folders/71/c1wqy1_x26s5tgyqvfv1mhcr0000gn/T/snapshot_derived20260506-11270-ygdy2/Build/Intermediates.noindex/PicStrip.build/Debug-iphonesimulator/PicStrip.build/empty-PicStrip.plist -producttype com.apple.product-type.application -genpkginfo /var/folders/71/c1wqy1_x26s5tgyqvfv1mhcr0000gn/T/snapshot_derived20260506-11270-ygdy2/Build/Products/Debug-iphonesimulator/PicStrip.app/PkgInfo -expandbuildsettings -format binary -platform iphonesimulator -additionalcontentfile /var/folders/71/c1wqy1_x26s5tgyqvfv1mhcr0000gn/T/snapshot_derived20260506-11270-ygdy2/Build/Intermediates.noindex/PicStrip.build/Debug-iphonesimulator/PicStrip.build/assetcatalog_generated_info.plist -scanforprivacyfile /var/folders/71/c1wqy1_x26s5tgyqvfv1mhcr0000gn/T/snapshot_derived20260506-11270-ygdy2/Build/Products/Debug-iphonesimulator/PicStrip.app/PlugIns/PicStripShareExtension.appex -o /var/folders/71/c1wqy1_x26s5tgyqvfv1mhcr0000gn/T/snapshot_derived20260506-11270-ygdy2/Build/Products/Debug-iphonesimulator/PicStrip.app/Info.plist

CopySwiftLibs /var/folders/71/c1wqy1_x26s5tgyqvfv1mhcr0000gn/T/snapshot_derived20260506-11270-ygdy2/Build/Products/Debug-iphonesimulator/PicStrip.app (in target 'PicStrip' from project 'PicStrip')
    cd /Users/eddie/Development/PicStrip
    builtin-swiftStdLibTool --copy --verbose --scan-executable /var/folders/71/c1wqy1_x26s5tgyqvfv1mhcr0000gn/T/snapshot_derived20260506-11270-ygdy2/Build/Products/Debug-iphonesimulator/PicStrip.app/PicStrip.debug.dylib --scan-folder /var/folders/71/c1wqy1_x26s5tgyqvfv1mhcr0000gn/T/snapshot_derived20260506-11270-ygdy2/Build/Products/Debug-iphonesimulator/PicStrip.app/Frameworks --scan-folder /var/folders/71/c1wqy1_x26s5tgyqvfv1mhcr0000gn/T/snapshot_derived20260506-11270-ygdy2/Build/Products/Debug-iphonesimulator/PicStrip.app/PlugIns --scan-folder /var/folders/71/c1wqy1_x26s5tgyqvfv1mhcr0000gn/T/snapshot_derived20260506-11270-ygdy2/Build/Products/Debug-iphonesimulator/PicStrip.app/SystemExtensions --scan-folder /var/folders/71/c1wqy1_x26s5tgyqvfv1mhcr0000gn/T/snapshot_derived20260506-11270-ygdy2/Build/Products/Debug-iphonesimulator/PicStrip.app/Extensions --scan-folder /Applications/Xcode.app/Contents/Developer/Platforms/iPhoneSimulator.platform/Developer/SDKs/iPhoneSimulator26.4.sdk/System/Library/Frameworks/AppIntents.framework --platform iphonesimulator --toolchain /Applications/Xcode.app/Contents/Developer/Toolchains/XcodeDefault.xctoolchain --destination /var/folders/71/c1wqy1_x26s5tgyqvfv1mhcr0000gn/T/snapshot_derived20260506-11270-ygdy2/Build/Products/Debug-iphonesimulator/PicStrip.app/Frameworks --strip-bitcode --strip-bitcode-tool /Applications/Xcode.app/Contents/Developer/Toolchains/XcodeDefault.xctoolchain/usr/bin/bitcode_strip --emit-dependency-info /var/folders/71/c1wqy1_x26s5tgyqvfv1mhcr0000gn/T/snapshot_derived20260506-11270-ygdy2/Build/Intermediates.noindex/PicStrip.build/Debug-iphonesimulator/PicStrip.build/SwiftStdLibToolInputDependencies.dep --filter-for-swift-os
Ignoring --strip-bitcode because --sign was not passed

** BUILD SUCCEEDED **

note: Using codesigning identity override: 
ComputePackagePrebuildTargetDependencyGraph

Prepare packages

CreateBuildRequest

SendProjectDescription

CreateBuildOperation

ComputeTargetDependencyGraph
note: Building targets in dependency order
note: Target dependency graph (3 targets)
    Target 'PicStripUITests' in project 'PicStrip'
        ➜ Explicit dependency on target 'PicStrip' in project 'PicStrip'
    Target 'PicStrip' in project 'PicStrip'
        ➜ Explicit dependency on target 'PicStripShareExtension' in project 'PicStrip'
    Target 'PicStripShareExtension' in project 'PicStrip' (no dependencies)

GatherProvisioningInputs

CreateBuildDescription

ExecuteExternalTool /Applications/Xcode.app/Contents/Developer/Toolchains/XcodeDefault.xctoolchain/usr/bin/swiftc --version

ExecuteExternalTool /Applications/Xcode.app/Contents/Developer/usr/bin/xcstringstool compile --dry-run --output-directory /var/folders/71/c1wqy1_x26s5tgyqvfv1mhcr0000gn/T/snapshot_derived20260506-11270-ygdy2/Build/Intermediates.noindex/PicStrip.build/Debug-iphonesimulator/PicStrip.build /Users/eddie/Development/PicStrip/PicStrip/AppShortcuts.xcstrings

ExecuteExternalTool /Applications/Xcode.app/Contents/Developer/Toolchains/XcodeDefault.xctoolchain/usr/bin/clang -v -E -dM -isysroot /Applications/Xcode.app/Contents/Developer/Platforms/iPhoneSimulator.platform/Developer/SDKs/iPhoneSimulator26.4.sdk -x c -c /dev/null

ExecuteExternalTool /Applications/Xcode.app/Contents/Developer/usr/bin/actool --print-asset-tag-combinations --output-format xml1 /Users/eddie/Development/PicStrip/PicStrip/Assets.xcassets /Users/eddie/Development/PicStrip/PicStrip/PicStrip.icon

ExecuteExternalTool /Applications/Xcode.app/Contents/Developer/usr/bin/actool --version --output-format xml1

ExecuteExternalTool /Applications/Xcode.app/Contents/Developer/usr/bin/xcstringstool compile --dry-run --output-directory /var/folders/71/c1wqy1_x26s5tgyqvfv1mhcr0000gn/T/snapshot_derived20260506-11270-ygdy2/Build/Intermediates.noindex/PicStrip.build/Debug-iphonesimulator/PicStrip.build /Users/eddie/Development/PicStrip/PicStrip/Localizable.xcstrings

ExecuteExternalTool /Applications/Xcode.app/Contents/Developer/Toolchains/XcodeDefault.xctoolchain/usr/bin/ld -version_details

Build description signature: 517808ce12c9765242729467a59fa34a
Build description path: /var/folders/71/c1wqy1_x26s5tgyqvfv1mhcr0000gn/T/snapshot_derived20260506-11270-ygdy2/Build/Intermediates.noindex/XCBuildData/517808ce12c9765242729467a59fa34a.xcbuilddata
ClangStatCache /Applications/Xcode.app/Contents/Developer/Toolchains/XcodeDefault.xctoolchain/usr/bin/clang-stat-cache /Applications/Xcode.app/Contents/Developer/Platforms/iPhoneSimulator.platform/Developer/SDKs/iPhoneSimulator26.4.sdk /var/folders/71/c1wqy1_x26s5tgyqvfv1mhcr0000gn/T/snapshot_derived20260506-11270-ygdy2/SDKStatCaches.noindex/iphonesimulator26.4-23E252-686eebb5dc1d8ecb277353a59184f4aa.sdkstatcache
    cd /Users/eddie/Development/PicStrip/PicStrip.xcodeproj
    /Applications/Xcode.app/Contents/Developer/Toolchains/XcodeDefault.xctoolchain/usr/bin/clang-stat-cache /Applications/Xcode.app/Contents/Developer/Platforms/iPhoneSimulator.platform/Developer/SDKs/iPhoneSimulator26.4.sdk -o /var/folders/71/c1wqy1_x26s5tgyqvfv1mhcr0000gn/T/snapshot_derived20260506-11270-ygdy2/SDKStatCaches.noindex/iphonesimulator26.4-23E252-686eebb5dc1d8ecb277353a59184f4aa.sdkstatcache

ProcessInfoPlistFile /var/folders/71/c1wqy1_x26s5tgyqvfv1mhcr0000gn/T/snapshot_derived20260506-11270-ygdy2/Build/Products/Debug-iphonesimulator/PicStripShareExtension.appex/Info.plist /Users/eddie/Development/PicStrip/PicStripShareExtension/Info.plist (in target 'PicStripShareExtension' from project 'PicStrip')
    cd /Users/eddie/Development/PicStrip
    builtin-infoPlistUtility /Users/eddie/Development/PicStrip/PicStripShareExtension/Info.plist -producttype com.apple.product-type.app-extension -expandbuildsettings -format binary -platform iphonesimulator -o /var/folders/71/c1wqy1_x26s5tgyqvfv1mhcr0000gn/T/snapshot_derived20260506-11270-ygdy2/Build/Products/Debug-iphonesimulator/PicStripShareExtension.appex/Info.plist

ProcessInfoPlistFile /var/folders/71/c1wqy1_x26s5tgyqvfv1mhcr0000gn/T/snapshot_derived20260506-11270-ygdy2/Build/Products/Debug-iphonesimulator/PicStrip.app/Info.plist /var/folders/71/c1wqy1_x26s5tgyqvfv1mhcr0000gn/T/snapshot_derived20260506-11270-ygdy2/Build/Intermediates.noindex/PicStrip.build/Debug-iphonesimulator/PicStrip.build/empty-PicStrip.plist (in target 'PicStrip' from project 'PicStrip')
    cd /Users/eddie/Development/PicStrip
    builtin-infoPlistUtility /var/folders/71/c1wqy1_x26s5tgyqvfv1mhcr0000gn/T/snapshot_derived20260506-11270-ygdy2/Build/Intermediates.noindex/PicStrip.build/Debug-iphonesimulator/PicStrip.build/empty-PicStrip.plist -producttype com.apple.product-type.application -genpkginfo /var/folders/71/c1wqy1_x26s5tgyqvfv1mhcr0000gn/T/snapshot_derived20260506-11270-ygdy2/Build/Products/Debug-iphonesimulator/PicStrip.app/PkgInfo -expandbuildsettings -format binary -platform iphonesimulator -additionalcontentfile /var/folders/71/c1wqy1_x26s5tgyqvfv1mhcr0000gn/T/snapshot_derived20260506-11270-ygdy2/Build/Intermediates.noindex/PicStrip.build/Debug-iphonesimulator/PicStrip.build/assetcatalog_generated_info.plist -scanforprivacyfile /var/folders/71/c1wqy1_x26s5tgyqvfv1mhcr0000gn/T/snapshot_derived20260506-11270-ygdy2/Build/Products/Debug-iphonesimulator/PicStrip.app/PlugIns/PicStripShareExtension.appex -o /var/folders/71/c1wqy1_x26s5tgyqvfv1mhcr0000gn/T/snapshot_derived20260506-11270-ygdy2/Build/Products/Debug-iphonesimulator/PicStrip.app/Info.plist

ProcessInfoPlistFile /var/folders/71/c1wqy1_x26s5tgyqvfv1mhcr0000gn/T/snapshot_derived20260506-11270-ygdy2/Build/Products/Debug-iphonesimulator/PicStripUITests-Runner.app/PlugIns/PicStripUITests.xctest/Info.plist /var/folders/71/c1wqy1_x26s5tgyqvfv1mhcr0000gn/T/snapshot_derived20260506-11270-ygdy2/Build/Intermediates.noindex/PicStrip.build/Debug-iphonesimulator/PicStripUITests.build/empty-PicStripUITests.plist (in target 'PicStripUITests' from project 'PicStrip')
    cd /Users/eddie/Development/PicStrip
    builtin-infoPlistUtility /var/folders/71/c1wqy1_x26s5tgyqvfv1mhcr0000gn/T/snapshot_derived20260506-11270-ygdy2/Build/Intermediates.noindex/PicStrip.build/Debug-iphonesimulator/PicStripUITests.build/empty-PicStripUITests.plist -producttype com.apple.product-type.bundle.ui-testing -expandbuildsettings -format binary -platform iphonesimulator -additionalcontentfile /var/folders/71/c1wqy1_x26s5tgyqvfv1mhcr0000gn/T/snapshot_derived20260506-11270-ygdy2/Build/Intermediates.noindex/PicStrip.build/Debug-iphonesimulator/PicStripUITests.build/ProductTypeInfoPlistAdditions.plist -o /var/folders/71/c1wqy1_x26s5tgyqvfv1mhcr0000gn/T/snapshot_derived20260506-11270-ygdy2/Build/Products/Debug-iphonesimulator/PicStripUITests-Runner.app/PlugIns/PicStripUITests.xctest/Info.plist

CopySwiftLibs /var/folders/71/c1wqy1_x26s5tgyqvfv1mhcr0000gn/T/snapshot_derived20260506-11270-ygdy2/Build/Products/Debug-iphonesimulator/PicStripUITests-Runner.app/PlugIns/PicStripUITests.xctest (in target 'PicStripUITests' from project 'PicStrip')
    cd /Users/eddie/Development/PicStrip
    builtin-swiftStdLibTool --copy --verbose --scan-executable /var/folders/71/c1wqy1_x26s5tgyqvfv1mhcr0000gn/T/snapshot_derived20260506-11270-ygdy2/Build/Products/Debug-iphonesimulator/PicStripUITests-Runner.app/PlugIns/PicStripUITests.xctest/PicStripUITests --scan-folder /var/folders/71/c1wqy1_x26s5tgyqvfv1mhcr0000gn/T/snapshot_derived20260506-11270-ygdy2/Build/Products/Debug-iphonesimulator/PicStripUITests-Runner.app/PlugIns/PicStripUITests.xctest/Frameworks --scan-folder /var/folders/71/c1wqy1_x26s5tgyqvfv1mhcr0000gn/T/snapshot_derived20260506-11270-ygdy2/Build/Products/Debug-iphonesimulator/PicStripUITests-Runner.app/PlugIns/PicStripUITests.xctest/PlugIns --scan-folder /var/folders/71/c1wqy1_x26s5tgyqvfv1mhcr0000gn/T/snapshot_derived20260506-11270-ygdy2/Build/Products/Debug-iphonesimulator/PicStripUITests-Runner.app/PlugIns/PicStripUITests.xctest/SystemExtensions --scan-folder /var/folders/71/c1wqy1_x26s5tgyqvfv1mhcr0000gn/T/snapshot_derived20260506-11270-ygdy2/Build/Products/Debug-iphonesimulator/PicStripUITests-Runner.app/PlugIns/PicStripUITests.xctest/Extensions --platform iphonesimulator --toolchain /Applications/Xcode.app/Contents/Developer/Toolchains/XcodeDefault.xctoolchain --destination /var/folders/71/c1wqy1_x26s5tgyqvfv1mhcr0000gn/T/snapshot_derived20260506-11270-ygdy2/Build/Products/Debug-iphonesimulator/PicStripUITests-Runner.app/PlugIns/PicStripUITests.xctest/Frameworks --strip-bitcode --scan-executable /Applications/Xcode.app/Contents/Developer/Platforms/iPhoneSimulator.platform/Developer/usr/lib/libXCTestSwiftSupport.dylib --strip-bitcode-tool /Applications/Xcode.app/Contents/Developer/Toolchains/XcodeDefault.xctoolchain/usr/bin/bitcode_strip --emit-dependency-info /var/folders/71/c1wqy1_x26s5tgyqvfv1mhcr0000gn/T/snapshot_derived20260506-11270-ygdy2/Build/Intermediates.noindex/PicStrip.build/Debug-iphonesimulator/PicStripUITests.build/SwiftStdLibToolInputDependencies.dep --filter-for-swift-os
Ignoring --strip-bitcode because --sign was not passed

2026-05-06 19:37:47.718458-0500 PicStripUITests-Runner[12795:4288702] [Default] Running tests...
2026-05-06 19:37:47.741971-0500 PicStripUITests-Runner[12795:4288702] [UIKit App Config] Update the Info.plist: Launch screens will soon be required.
objc[12795]: Class UIAccessibilityLoaderWebShared is implemented in both /Library/Developer/CoreSimulator/Volumes/iOS_23E254a/Library/Developer/CoreSimulator/Profiles/Runtimes/iOS 26.4.simruntime/Contents/Resources/RuntimeRoot/System/Library/AccessibilityBundles/WebCore.axbundle/WebCore (0x105c78310) and /Library/Developer/CoreSimulator/Volumes/iOS_23E254a/Library/Developer/CoreSimulator/Profiles/Runtimes/iOS 26.4.simruntime/Contents/Resources/RuntimeRoot/System/Library/AccessibilityBundles/WebKit.axbundle/WebKit (0x105fa0398). This may cause spurious casting failures and mysterious crashes. One of the duplicates must be removed or renamed.
    t =      nans Interface orientation changed to Portrait
Test Suite 'Selected tests' started at 2026-05-06 19:37:51.271.
Test Suite 'PicStripUITests.xctest' started at 2026-05-06 19:37:51.271.
Test Suite 'PicStripUITests' started at 2026-05-06 19:37:51.271.
Test Case '-[PicStripUITests.PicStripUITests testAllScreenshots]' started.
    t =     0.00s Start Test at 2026-05-06 19:37:51.272
    t =     0.23s Set Up
    t =     0.23s Open com.northcutt.PicStrip
    t =     0.23s     Launch com.northcutt.PicStrip
    t =     2.53s         Setting up automation session
    t =     3.39s         Wait for com.northcutt.PicStrip to idle
    t =     6.47s Find the Window (First Match)
    t =     7.54s Checking `Expect predicate `exists == 0` for object Other (Elements containing elements matching predicate 'BLOCKPREDICATE(0x105a18ba0)')`
    t =     7.54s     Checking existence of `Other (Elements containing elements matching predicate 'BLOCKPREDICATE(0x105a18ba0)')`
    t =     7.54s         Requesting snapshot of accessibility hierarchy for app with pid 12847
    t =     7.60s         Find: Descendants matching type Other
    t =     7.60s         Find: Elements containing elements matching predicate 'BLOCKPREDICATE(0x105a19050)'
2026-05-06 19:37:58.872041-0500 PicStripUITests-Runner[12795:4288702] snapshot: 01_Home
    t =     8.83s Getting device orientation
    t =     9.35s Waiting 5.0s for "infoButton" Button to exist
    t =    10.39s     Checking `Expect predicate `existsNoRetry == 1` for object "infoButton" Button`
    t =    10.39s         Checking existence of `"infoButton" Button`
    t =    10.41s Tap "infoButton" Button
    t =    10.41s     Wait for com.northcutt.PicStrip to idle
    t =    10.41s     Find the "infoButton" Button
    t =    10.44s     Check for interrupting elements affecting "infoButton" Button
    t =    10.47s         Wait for com.apple.springboard to idle
    t =    10.56s     Synthesize event
    t =    10.97s     Wait for com.northcutt.PicStrip to idle
    t =    12.65s Find the Window (First Match)
    t =    13.70s Checking `Expect predicate `exists == 0` for object Other (Elements containing elements matching predicate 'BLOCKPREDICATE(0x112e88210)')`
    t =    13.70s     Checking existence of `Other (Elements containing elements matching predicate 'BLOCKPREDICATE(0x112e88210)')`
    t =    13.70s         Requesting snapshot of accessibility hierarchy for app with pid 12847
    t =    13.78s         Find: Descendants matching type Other
    t =    13.78s         Find: Elements containing elements matching predicate 'BLOCKPREDICATE(0x112e883c0)'
2026-05-06 19:38:05.062868-0500 PicStripUITests-Runner[12795:4288702] snapshot: 02_About
    t =    15.01s Getting device orientation
    t =    15.11s Terminate com.northcutt.PicStrip:12847
    t =    16.18s Open com.northcutt.PicStrip
    t =    16.18s     Launch com.northcutt.PicStrip
    t =    16.60s         Setting up automation session
    t =    17.39s         Wait for com.northcutt.PicStrip to idle
    t =    19.28s Waiting 15.0s for "Dismiss photo" Button to exist
    t =    20.31s     Checking `Expect predicate `existsNoRetry == 1` for object "Dismiss photo" Button`
    t =    20.31s         Checking existence of `"Dismiss photo" Button`
    t =    21.90s Find the Window (First Match)
    t =    22.94s Checking `Expect predicate `exists == 0` for object Other (Elements containing elements matching predicate 'BLOCKPREDICATE(0x112e89c50)')`
    t =    22.94s     Checking existence of `Other (Elements containing elements matching predicate 'BLOCKPREDICATE(0x112e89c50)')`
    t =    22.95s         Requesting snapshot of accessibility hierarchy for app with pid 12872
    t =    22.99s         Find: Descendants matching type Other
    t =    22.99s         Find: Elements containing elements matching predicate 'BLOCKPREDICATE(0x112e899b0)'
2026-05-06 19:38:14.269644-0500 PicStripUITests-Runner[12795:4288702] snapshot: 03_PhotoLoaded
    t =    24.23s Getting device orientation
    t =    24.31s Waiting 5.0s for "badge_EXIF" Button to exist
    t =    25.32s     Checking `Expect predicate `existsNoRetry == 1` for object "badge_EXIF" Button`
    t =    25.32s         Checking existence of `"badge_EXIF" Button`
    t =    25.34s Tap "badge_EXIF" Button
    t =    25.34s     Wait for com.northcutt.PicStrip to idle
    t =    25.35s     Find the "badge_EXIF" Button
    t =    25.37s     Check for interrupting elements affecting "badge_EXIF" Button
    t =    25.39s         Wait for com.apple.springboard to idle
    t =    25.41s     Synthesize event
    t =    25.71s     Wait for com.northcutt.PicStrip to idle
    t =    26.31s Find the Window (First Match)
    t =    27.35s Checking `Expect predicate `exists == 0` for object Other (Elements containing elements matching predicate 'BLOCKPREDICATE(0x112ed6220)')`
    t =    27.35s     Checking existence of `Other (Elements containing elements matching predicate 'BLOCKPREDICATE(0x112ed6220)')`
    t =    27.35s         Requesting snapshot of accessibility hierarchy for app with pid 12872
    t =    27.40s         Find: Descendants matching type Other
    t =    27.40s         Find: Elements containing elements matching predicate 'BLOCKPREDICATE(0x112ed6790)'
2026-05-06 19:38:18.682661-0500 PicStripUITests-Runner[12795:4288702] snapshot: 04_MetadataDetail
    t =    28.63s Getting device orientation
    t =    28.72s Tap "badge_EXIF" Button
    t =    28.72s     Wait for com.northcutt.PicStrip to idle
    t =    28.72s     Find the "badge_EXIF" Button
    t =    28.77s     Check for interrupting elements affecting "badge_EXIF" Button
    t =    28.80s         Wait for com.apple.springboard to idle
    t =    28.82s     Synthesize event
    t =    29.11s     Wait for com.northcutt.PicStrip to idle
    t =    29.62s Waiting 5.0s for "saveButton" Button to exist
    t =    30.64s     Checking `Expect predicate `existsNoRetry == 1` for object "saveButton" Button`
    t =    30.65s         Checking existence of `"saveButton" Button`
    t =    30.69s Tap "saveButton" Button
    t =    30.69s     Wait for com.northcutt.PicStrip to idle
    t =    30.69s     Find the "saveButton" Button
    t =    30.71s     Check for interrupting elements affecting "saveButton" Button
    t =    30.73s         Wait for com.apple.springboard to idle
    t =    30.75s     Synthesize event
    t =    31.04s     Wait for com.northcutt.PicStrip to idle
    t =    32.73s Find the Window (First Match)
    t =    33.77s Checking `Expect predicate `exists == 0` for object Other (Elements containing elements matching predicate 'BLOCKPREDICATE(0x112f216e0)')`
    t =    33.77s     Checking existence of `Other (Elements containing elements matching predicate 'BLOCKPREDICATE(0x112f216e0)')`
    t =    33.77s         Requesting snapshot of accessibility hierarchy for app with pid 12872
    t =    33.88s         Find: Descendants matching type Other
    t =    33.88s         Find: Elements containing elements matching predicate 'BLOCKPREDICATE(0x112f220a0)'
2026-05-06 19:38:25.162069-0500 PicStripUITests-Runner[12795:4288702] snapshot: 05_ReviewAndSave
    t =    35.10s Getting device orientation
    t =    35.18s Tear Down
Test Case '-[PicStripUITests.PicStripUITests testAllScreenshots]' passed (35.526 seconds).
Test Suite 'PicStripUITests' passed at 2026-05-06 19:38:26.800.
	 Executed 1 test, with 0 failures (0 unexpected) in 35.526 (35.529) seconds
Test Suite 'PicStripUITests.xctest' passed at 2026-05-06 19:38:26.801.
	 Executed 1 test, with 0 failures (0 unexpected) in 35.526 (35.530) seconds
Test Suite 'Selected tests' passed at 2026-05-06 19:38:26.802.
	 Executed 1 test, with 0 failures (0 unexpected) in 35.526 (35.531) seconds

Test session results, code coverage, and logs:
	/var/folders/71/c1wqy1_x26s5tgyqvfv1mhcr0000gn/T/snapshot_derived20260506-11270-ygdy2/Logs/Test/Run-PicStripScreenshots-2026.05.06_19-37-23--0500.xcresult

** TEST SUCCEEDED **

Testing started
